kode_unit;kode_tu;luas_unit;floor;tower;kode_unit2
TH D/01;TH;228;0;TD;THD01
TH C/02;TH;150;0;TC;THC02
TH C/06;TH;150;0;TC;THC06
TH D/02;TH;150;0;TD;THD02
TH D/04;TH;150;0;TD;THD04
KO/A/11;-;0;0;TA;KOA11
KO/A/09;-;0;0;TA;KOA09
KO/A/01;-;0;0;TA;KOA01
KO/A/02;-;0;0;TA;KOA02
KO/A/03;-;0;0;TA;KOA03
KO/A/05;-;0;0;TA;KOA05
KO/A/06;-;0;0;TA;KOA06
KO/A/07;-;0;0;TA;KOA07
KO/A/08;-;0;0;TA;KOA08
KO/A/10;-;27;0;TA;KOA10
KO/A/12;-;0;0;TA;KOA12
KO/A/15;-;0;0;TA;KOA15
KO/A/16;-;0;0;TA;KOA16
KO/A/17;-;0;0;TA;KOA17
KO/A/18;-;0;0;TA;KOA18
KO/A/19;-;0;0;TA;KOA19
KO/A/20;-;0;0;TA;KOA20
KO/A/21;-;0;0;TA;KOA21
KO/A/22;-;0;0;TA;KOA22
KO/A/23;-;0;0;TA;KOA23
KO/A/26;-;0;0;TA;KOA26
KO/A/27;-;0;0;TA;KOA27
KO/A/28;-;0;0;TA;KOA28
KO/A/29;-;0;0;TA;KOA29
KO/A/30;-;0;0;TA;KOA30
KO/A/31;-;0;0;TA;KOA31
KO/A/32;-;0;0;TA;KOA32
KO/A/33;-;0;0;TA;KOA33
KO/A/34;-;0;0;TA;KOA34
KO/A/36;-;0;0;TA;KOA36
KO/A/37;-;0;0;TA;KOA37
KO/A/38;-;0;0;TA;KOA38
KO/A/39;-;0;0;TA;KOA39
KO/A/40;-;0;0;TA;KOA40
KO/A/41;-;0;0;TA;KOA41
KO/A/42;-;0;0;TA;KOA42
KO/A/43;-;0;0;TA;KOA43
KO/A/44;-;0;0;TA;KOA44
KO/B/01;-;0;0;TB;KOB01
KO/B/02;-;0;0;TB;KOB02
KO/B/03;-;0;0;TB;KOB03
KO/B/05;-;0;0;TB;KOB05
KO/B/06;-;0;0;TB;KOB06
KO/B/07;-;0;0;TB;KOB07
KO/B/08;-;27;;0;KOB08
KO/B/09;-;0;0;TB;KOB09
KO/B/10;-;0;0;TB;KOB10
KO/B/11;-;0;0;TB;KOB11
KO/B/12;-;0;0;TB;KOB12
KO/B/15;-;0;0;TB;KOB15
KO/B/16;-;0;0;TB;KOB16
KO/B/17;-;0;0;TB;KOB17
KO/B/18;-;0;0;TB;KOB18
KO/B/20;-;0;0;TB;KOB20
KO/B/21;-;0;0;TB;KOB21
KO/B/22;-;0;0;TB;KOB22
KO/B/25;-;0;0;TB;KOB25
KO/B/26;-;0;0;TB;KOB26
KO/B/27;-;0;0;TB;KOB27
KO/B/28;-;0;0;TB;KOB28
KO/B/29;-;0;0;TB;KOB29
KO/B/30;-;0;0;TB;KOB30
KO/B/31;-;0;0;TB;KOB31
KO/B/32;-;0;0;TB;KOB32
KO/B/33;-;0;0;TB;KOB33
KO/B/34;-;0;0;TB;KOB34
KO/B/35;-;0;0;TB;KOB35
KO/B/36;-;0;0;TB;KOB36
KO/B/37;-;0;0;TB;KOB37
KO/B/38;-;0;0;TB;KOB38
KO/B/39;-;0;0;TB;KOB39
KO/B/40;-;0;0;TB;KOB40
KO/B/41;-;0;0;TB;KOB41
KO/B/42;-;0;0;TB;KOB42
KO/B/43;-;0;0;TB;KOB43
KO/B/44;-;0;0;TB;KOB44
KO/C/01;-;0;0;TC;KOC01
KO/C/03;-;0;0;TC;KOC03
KO/C/05;-;0;0;TC;KOC05
KO/D/02;-;0;0;TD;KOD02
KO/D/03;-;0;0;TD;KOD03
KO/D/07;-;0;0;TD;KOD07
KO/D/08;-;0;0;TD;KOD08
KO/D/09;-;0;0;TD;KOD09
TA/01/01;ST;24;1;TA;A0101
TA/01/02;2BR;33;1;TA;A0102
TA/01/03;2BR;33;1;TA;A0103
TA/01/05;2BR;33;1;TA;A0105
TA/01/06;2BR;33;1;TA;A0106
TA/01/07;ST;18;1;TA;A0107
TA/01/08;ST;18;1;TA;A0108
TA/01/09;ST;18;1;TA;A0109
TA/01/10;ST;18;1;TA;A0110
TA/01/11;ST;18;1;TA;A0111
TA/01/12;ST;18;1;TA;A0112
TA/01/15;ST;24;1;TA;A0115
TA/01/16;2BR;40;1;TA;A0116
TA/01/17;2BR;33;1;TA;A0117
TA/01/18;2BR;33;1;TA;A0118
TA/01/19;2BR;33;1;TA;A0119
TA/01/20;2BR;33;1;TA;A0120
TA/01/21;2BR;33;1;TA;A0121
TA/01/22;2BR;40;1;TA;A0122
TA/01/23;ST;24;1;TA;A0123
TA/01/24;2BR;33;1;TA;A0124
TA/01/25;ST;24;1;TA;A0125
TA/01/26;ST;24;1;TA;A0126
TA/01/27;2BR;33;1;TA;A0127
TA/01/28;2BR;33;1;TA;A0128
TA/01/29;2BR;33;1;TA;A0129
TA/01/30;2BR;33;1;TA;A0130
TA/01/31;2BR;33;1;TA;A0131
TA/01/32;2BR;33;1;TA;A0132
TA/01/33;2BR;33;1;TA;A0133
TA/01/34;ST;24;1;TA;A0134
TA/02/01;ST;24;2;TA;A0201
TA/02/02;2BR;33;2;TA;A0202
TA/02/03;2BR;33;2;TA;A0203
TA/02/05;2BR;33;2;TA;A0205
TA/02/07;ST;18;2;TA;A0207
TA/02/08;ST;18;2;TA;A0208
TA/02/09;ST;18;2;TA;A0209
TA/02/10;ST;18;2;TA;A0210
TA/02/11;ST;18;2;TA;A0211
TA/02/12;ST;18;2;TA;A0212
TA/02/15;ST;24;2;TA;A0215
TA/02/16;2BR;40;2;TA;A0216
TA/02/17;2BR;33;2;TA;A0217
TA/02/18;2BR;33;2;TA;A0218
TA/02/19;2BR;33;2;TA;A0219
TA/02/20;2BR;33;2;TA;A0220
TA/02/21;2BR;33;2;TA;A0221
TA/02/22;2BR;40;2;TA;A0222
TA/02/23;ST;24;2;TA;A0223
TA/02/24;2BR;33;2;TA;A0224
TA/02/25;ST;24;2;TA;A0225
TA/02/26;ST;24;2;TA;A0226
TA/02/27;2BR;33;2;TA;A0227
TA/02/28;2BR;33;2;TA;A0228
TA/02/29;2BR;33;2;TA;A0229
TA/02/30;2BR;33;2;TA;A0230
TA/02/31;2BR;33;2;TA;A0231
TA/02/32;2BR;33;2;TA;A0232
TA/02/33;2BR;33;2;TA;A0233
TA/02/34;ST;24;2;TA;A0234
TA/03/01;ST;24;3;TA;A0301
TA/03/02;2BR;33;3;TA;A0302
TA/03/03;2BR;33;3;TA;A0303
TA/03/05;2BR;33;3;TA;A0305
TA/03/06;2BR;33;3;TA;A0306
TA/03/07;ST;18;3;TA;A0307
TA/03/08;ST;18;3;TA;A0308
TA/03/09;ST;18;3;TA;A0309
TA/03/10;ST;18;3;TA;A0310
TA/03/11;ST;18;3;TA;A0311
TA/03/12;ST;18;3;TA;A0312
TA/03/15;ST;24;3;TA;A0315
TA/03/16;2BR;40;3;TA;A0316
TA/03/17;2BR;33;3;TA;A0317
TA/03/18;2BR;33;3;TA;A0318
TA/03/19;2BR;33;3;TA;A0319
TA/03/20;2BR;33;3;TA;A0320
TA/03/21;2BR;33;3;TA;A0321
TA/03/22;2BR;40;3;TA;A0322
TA/03/23;ST;24;3;TA;A0323
TA/03/24;2BR;33;3;TA;A0324
TA/03/25;ST;24;3;TA;A0325
TA/03/26;ST;24;3;TA;A0326
TA/03/27;2BR;33;3;TA;A0327
TA/03/28;2BR;33;3;TA;A0328
TA/03/29;2BR;33;3;TA;A0329
TA/03/30;2BR;33;3;TA;A0330
TA/03/31;2BR;33;3;TA;A0331
TA/03/32;2BR;33;3;TA;A0332
TA/03/33;2BR;33;3;TA;A0333
TA/03/34;ST;24;3;TA;A0334
TA/05/01;ST;24;5;TA;A0501
TA/05/02;2BR;33;5;TA;A0502
TA/05/03;2BR;33;5;TA;A0503
TA/05/05;2BR;33;5;TA;A0505
TA/05/06;2BR;33;5;TA;A0506
TA/05/07;ST;18;5;TA;A0507
TA/05/08;ST;18;5;TA;A0508
TA/05/09;ST;18;5;TA;A0509
TA/05/10;ST;18;5;TA;A0510
TA/05/11;ST;18;5;TA;A0511
TA/05/12;ST;18;5;TA;A0512
TA/05/15;ST;24;5;TA;A0515
TA/05/16;2BR;40;5;TA;A0516
TA/05/17;2BR;33;5;TA;A0517
TA/05/18;2BR;33;5;TA;A0518
TA/05/19;2BR;33;5;TA;A0519
TA/05/20;2BR;33;5;TA;A0520
TA/05/21;2BR;33;5;TA;A0521
TA/05/22;2BR;40;5;TA;A0522
TA/05/23;ST;24;5;TA;A0523
TA/05/24;2BR;33;5;TA;A0524
TA/05/25;ST;24;5;TA;A0525
TA/05/26;ST;24;5;TA;A0526
TA/05/27;2BR;33;5;TA;A0527
TA/05/28;2BR;33;5;TA;A0528
TA/05/29;2BR;33;5;TA;A0529
TA/05/30;2BR;33;5;TA;A0530
TA/05/31;2BR;33;5;TA;A0531
TA/05/32;2BR;33;5;TA;A0532
TA/05/33;2BR;33;5;TA;A0533
TA/05/34;ST;24;5;TA;A0534
TA/06/01;ST;24;6;TA;A0601
TA/06/02;2BR;33;6;TA;A0602
TA/06/03;2BR;33;6;TA;A0603
TA/06/05;2BR;33;6;TA;A0605
TA/06/06;2BR;33;6;TA;A0606
TA/06/07;ST;18;6;TA;A0607
TA/06/08;ST;18;6;TA;A0608
TA/06/09;ST;18;6;TA;A0609
TA/06/10;ST;18;6;TA;A0610
TA/06/11;ST;18;6;TA;A0611
TA/06/12;ST;18;6;TA;A0612
TA/06/15;ST;24;6;TA;A0615
TA/06/16;2BR;40;6;TA;A0616
TA/06/17;2BR;33;6;TA;A0617
TA/06/18;2BR;33;6;TA;A0618
TA/06/19;2BR;33;6;TA;A0619
TA/06/20;2BR;33;6;TA;A0620
TA/06/21;2BR;33;6;TA;A0621
TA/06/22;2BR;40;6;TA;A0622
TA/06/23;ST;24;6;TA;A0623
TA/06/24;2BR;33;6;TA;A0624
TA/06/25;ST;24;6;TA;A0625
TA/06/26;ST;24;6;TA;A0626
TA/06/27;2BR;33;6;TA;A0627
TA/06/28;2BR;33;6;TA;A0628
TA/06/29;2BR;33;6;TA;A0629
TA/06/30;2BR;33;6;TA;A0630
TA/06/31;2BR;33;6;TA;A0631
TA/06/32;2BR;33;6;TA;A0632
TA/06/33;2BR;33;6;TA;A0633
TA/06/34;ST;24;6;TA;A0634
TA/07/01;ST;24;7;TA;A0701
TA/07/02;2BR;33;7;TA;A0702
TA/07/03;2BR;33;7;TA;A0703
TA/07/05;2BR;33;7;TA;A0705
TA/07/07;ST;18;7;TA;A0707
TA/07/08;ST;18;7;TA;A0708
TA/07/09;ST;18;7;TA;A0709
TA/07/10;ST;18;7;TA;A0710
TA/07/11;ST;18;7;TA;A0711
TA/07/12;ST;18;7;TA;A0712
TA/07/15;ST;24;7;TA;A0715
TA/07/16;2BR;40;7;TA;A0716
TA/07/17;2BR;33;7;TA;A0717
TA/07/18;2BR;33;7;TA;A0718
TA/07/19;2BR;33;7;TA;A0719
TA/07/20;2BR;33;7;TA;A0720
TA/07/21;2BR;33;7;TA;A0721
TA/07/22;2BR;40;7;TA;A0722
TA/07/23;ST;24;7;TA;A0723
TA/07/24;2BR;33;7;TA;A0724
TA/07/25;ST;24;7;TA;A0725
TA/07/26;ST;24;7;TA;A0726
TA/07/27;2BR;33;7;TA;A0727
TA/07/28;2BR;33;7;TA;A0728
TA/07/29;2BR;33;7;TA;A0729
TA/07/30;2BR;33;7;TA;A0730
TA/07/31;2BR;33;7;TA;A0731
TA/07/32;2BR;33;7;TA;A0732
TA/07/33;2BR;33;7;TA;A0733
TA/07/34;ST;24;7;TA;A0734
TA/08/01;ST;24;8;TA;A0801
TA/08/02;2BR;33;8;TA;A0802
TA/08/03;2BR;33;8;TA;A0803
TA/08/05;2BR;33;8;TA;A0805
TA/08/06;2BR;33;8;TA;A0806
TA/08/07;ST;18;8;TA;A0807
TA/08/08;ST;18;8;TA;A0808
TA/08/09;ST;18;8;TA;A0809
TA/08/10;ST;18;8;TA;A0810
TA/08/11;ST;18;8;TA;A0811
TA/08/12;ST;18;8;TA;A0812
TA/08/15;ST;24;8;TA;A0815
TA/08/16;2BR;40;8;TA;A0816
TA/08/17;2BR;33;8;TA;A0817
TA/08/18;2BR;33;8;TA;A0818
TA/08/19;2BR;33;8;TA;A0819
TA/08/20;2BR;33;8;TA;A0820
TA/08/21;2BR;33;8;TA;A0821
TA/08/22;2BR;40;8;TA;A0822
TA/08/23;ST;24;8;TA;A0823
TA/08/24;2BR;33;8;TA;A0824
TA/08/25;ST;24;8;TA;A0825
TA/08/26;ST;24;8;TA;A0826
TA/08/27;2BR;33;8;TA;A0827
TA/08/28;2BR;33;8;TA;A0828
TA/08/29;2BR;33;8;TA;A0829
TA/08/30;2BR;33;8;TA;A0830
TA/08/31;2BR;33;8;TA;A0831
TA/08/32;2BR;33;8;TA;A0832
TA/08/33;2BR;33;8;TA;A0833
TA/08/34;ST;24;8;TA;A0834
TA/09/01;ST;24;9;TA;A0901
TA/09/02;2BR;33;9;TA;A0902
TA/09/03;2BR;33;9;TA;A0903
TA/09/05;2BR;33;9;TA;A0905
TA/09/06;2BR;33;9;TA;A0906
TA/09/07;ST;18;9;TA;A0907
TA/09/08;ST;18;9;TA;A0908
TA/09/09;ST;18;9;TA;A0909
TA/09/10;ST;18;9;TA;A0910
TA/09/11;ST;18;9;TA;A0911
TA/09/12;ST;18;9;TA;A0912
TA/09/15;ST;24;9;TA;A0915
TA/09/16;2BR;40;9;TA;A0916
TA/09/17;2BR;33;9;TA;A0917
TA/09/18;2BR;33;9;TA;A0918
TA/09/19;2BR;33;9;TA;A0919
TA/09/20;2BR;33;9;TA;A0920
TA/09/21;2BR;33;9;TA;A0921
TA/09/23;ST;24;9;TA;A0923
TA/09/24;2BR;33;9;TA;A0924
TA/09/25;ST;24;9;TA;A0925
TA/09/26;ST;24;9;TA;A0926
TA/09/27;2BR;33;9;TA;A0927
TA/09/28;2BR;33;9;TA;A0928
TA/09/29;2BR;33;9;TA;A0929
TA/09/30;2BR;33;9;TA;A0930
TA/09/31;2BR;33;9;TA;A0931
TA/09/32;2BR;33;9;TA;A0932
TA/09/33;2BR;33;9;TA;A0933
TA/09/34;ST;24;9;TA;A0934
TA/10/01;ST;24;10;TA;A1001
TA/10/03;2BR;33;10;TA;A1003
TA/10/05;2BR;33;10;TA;A1005
TA/10/07;ST;18;10;TA;A1007
TA/10/08;ST;18;10;TA;A1008
TA/10/09;ST;18;10;TA;A1009
TA/10/10;ST;18;10;TA;A1010
TA/10/11;ST;18;10;TA;A1011
TA/10/12;ST;18;10;TA;A1012
TA/10/15;ST;24;10;TA;A1015
TA/10/16;2BR;40;10;TA;A1016
TA/10/17;2BR;33;10;TA;A1017
TA/10/18;2BR;33;10;TA;A1018
TA/10/19;2BR;33;10;TA;A1019
TA/10/20;2BR;33;10;TA;A1020
TA/10/21;2BR;33;10;TA;A1021
TA/10/22;2BR;40;10;TA;A1022
TA/10/23;ST;24;10;TA;A1023
TA/10/24;2BR;33;10;TA;A1024
TA/10/25;ST;24;10;TA;A1025
TA/10/26;ST;24;10;TA;A1026
TA/10/27;2BR;33;10;TA;A1027
TA/10/28;2BR;33;10;TA;A1028
TA/10/29;2BR;33;10;TA;A1029
TA/10/30;2BR;33;10;TA;A1030
TA/10/31;2BR;33;10;TA;A1031
TA/10/32;2BR;33;10;TA;A1032
TA/10/33;2BR;33;10;TA;A1033
TA/10/34;ST;24;10;TA;A1034
TA/11/01;ST;24;11;TA;A1101
TA/11/02;2BR;33;11;TA;A1102
TA/11/03;2BR;33;11;TA;A1103
TA/11/05;2BR;33;11;TA;A1105
TA/11/06;2BR;33;11;TA;A1106
TA/11/07;ST;18;11;TA;A1107
TA/11/08;ST;18;11;TA;A1108
TA/11/09;ST;18;11;TA;A1109
TA/11/10;ST;18;11;TA;A1110
TA/11/11;ST;18;11;TA;A1111
TA/11/12;ST;18;11;TA;A1112
TA/11/15;ST;24;11;TA;A1115
TA/11/16;2BR;40;11;TA;A1116
TA/11/17;2BR;33;11;TA;A1117
TA/11/18;2BR;33;11;TA;A1118
TA/11/19;2BR;33;11;TA;A1119
TA/11/20;2BR;33;11;TA;A1120
TA/11/21;2BR;33;11;TA;A1121
TA/11/22;2BR;40;11;TA;A1122
TA/11/23;ST;24;11;TA;A1123
TA/11/24;2BR;33;11;TA;A1124
TA/11/25;ST;24;11;TA;A1125
TA/11/26;ST;24;11;TA;A1126
TA/11/27;2BR;33;11;TA;A1127
TA/11/28;2BR;33;11;TA;A1128
TA/11/29;2BR;33;11;TA;A1129
TA/11/30;2BR;33;11;TA;A1130
TA/11/31;2BR;33;11;TA;A1131
TA/11/32;2BR;33;11;TA;A1132
TA/11/33;2BR;33;11;TA;A1133
TA/11/34;ST;24;11;TA;A1134
TA/12/01;ST;24;12;TA;A1201
TA/12/02;2BR;33;12;TA;A1202
TA/12/03;2BR;33;12;TA;A1203
TA/12/05;2BR;33;12;TA;A1205
TA/12/06;2BR;33;12;TA;A1206
TA/12/07;ST;18;12;TA;A1207
TA/12/08;ST;18;12;TA;A1208
TA/12/09;ST;18;12;TA;A1209
TA/12/10;ST;18;12;TA;A1210
TA/12/11;ST;18;12;TA;A1211
TA/12/12;ST;18;12;TA;A1212
TA/12/15;ST;24;12;TA;A1215
TA/12/16;2BR;40;12;TA;A1216
TA/12/17;2BR;33;12;TA;A1217
TA/12/18;2BR;33;12;TA;A1218
TA/12/19;2BR;33;12;TA;A1219
TA/12/20;2BR;33;12;TA;A1220
TA/12/21;2BR;33;12;TA;A1221
TA/12/22;2BR;40;12;TA;A1222
TA/12/23;ST;24;12;TA;A1223
TA/12/24;2BR;33;12;TA;A1224
TA/12/25;ST;24;12;TA;A1225
TA/12/26;ST;24;12;TA;A1226
TA/12/27;2BR;33;12;TA;A1227
TA/12/28;2BR;33;12;TA;A1228
TA/12/29;2BR;33;12;TA;A1229
TA/12/30;2BR;33;12;TA;A1230
TA/12/31;2BR;33;12;TA;A1231
TA/12/32;2BR;33;12;TA;A1232
TA/12/33;2BR;33;12;TA;A1233
TA/12/34;ST;24;12;TA;A1234
TA/15/01;ST;24;15;TA;A1501
TA/15/02;2BR;33;15;TA;A1502
TA/15/03;2BR;33;15;TA;A1503
TA/15/05;2BR;33;15;TA;A1505
TA/15/07;ST;18;15;TA;A1507
TA/15/08;ST;18;15;TA;A1508
TA/15/09;ST;18;15;TA;A1509
TA/15/10;ST;18;15;TA;A1510
TA/15/11;ST;18;15;TA;A1511
TA/15/12;ST;18;15;TA;A1512
TA/15/15;ST;24;15;TA;A1515
TA/15/16;2BR;40;15;TA;A1516
TA/15/17;2BR;33;15;TA;A1517
TA/15/18;2BR;33;15;TA;A1518
TA/15/19;2BR;33;15;TA;A1519
TA/15/20;2BR;33;15;TA;A1520
TA/15/21;2BR;33;15;TA;A1521
TA/15/22;2BR;40;15;TA;A1522
TA/15/23;ST;24;15;TA;A1523
TA/15/24;2BR;33;15;TA;A1524
TA/15/25;ST;24;15;TA;A1525
TA/15/26;ST;24;15;TA;A1526
TA/15/27;2BR;33;15;TA;A1527
TA/15/28;2BR;33;15;TA;A1528
TA/15/29;2BR;33;15;TA;A1529
TA/15/30;2BR;33;15;TA;A1530
TA/15/31;2BR;33;15;TA;A1531
TA/15/32;2BR;33;15;TA;A1532
TA/15/33;2BR;33;15;TA;A1533
TA/15/34;ST;24;15;TA;A1534
TA/16/01;ST;24;16;TA;A1601
TA/16/02;2BR;33;16;TA;A1602
TA/16/03;2BR;33;16;TA;A1603
TA/16/05;2BR;33;16;TA;A1605
TA/16/06;2BR;33;16;TA;A1606
TA/16/07;ST;18;16;TA;A1607
TA/16/08;ST;18;16;TA;A1608
TA/16/09;ST;18;16;TA;A1609
TA/16/10;ST;18;16;TA;A1610
TA/16/11;ST;18;16;TA;A1611
TA/16/12;ST;18;16;TA;A1612
TA/16/15;ST;24;16;TA;A1615
TA/16/16;2BR;40;16;TA;A1616
TA/16/17;2BR;33;16;TA;A1617
TA/16/18;2BR;33;16;TA;A1618
TA/16/19;2BR;33;16;TA;A1619
TA/16/20;2BR;33;16;TA;A1620
TA/16/21;2BR;33;16;TA;A1621
TA/16/22;2BR;40;16;TA;A1622
TA/16/23;ST;24;16;TA;A1623
TA/16/24;2BR;33;16;TA;A1624
TA/16/25;ST;24;16;TA;A1625
TA/16/26;ST;24;16;TA;A1626
TA/16/27;2BR;33;16;TA;A1627
TA/16/28;2BR;33;16;TA;A1628
TA/16/29;2BR;33;16;TA;A1629
TA/16/30;2BR;33;16;TA;A1630
TA/16/31;2BR;33;16;TA;A1631
TA/16/32;2BR;33;16;TA;A1632
TA/16/33;2BR;33;16;TA;A1633
TA/16/34;ST;24;16;TA;A1634
TA/17/01;ST;24;17;TA;A1701
TA/17/02;2BR;33;17;TA;A1702
TA/17/03;2BR;33;17;TA;A1703
TA/17/05;2BR;33;17;TA;A1705
TA/17/06;2BR;33;17;TA;A1706
TA/17/07;ST;18;17;TA;A1707
TA/17/08;ST;18;17;TA;A1708
TA/17/09;ST;18;17;TA;A1709
TA/17/10;ST;18;17;TA;A1710
TA/17/11;ST;18;17;TA;A1711
TA/17/12;ST;18;17;TA;A1712
TA/17/15;ST;24;17;TA;A1715
TA/17/16;2BR;40;17;TA;A1716
TA/17/17;2BR;33;17;TA;A1717
TA/17/18;2BR;33;17;TA;A1718
TA/17/19;2BR;33;17;TA;A1719
TA/17/20;2BR;33;17;TA;A1720
TA/17/21;2BR;33;17;TA;A1721
TA/17/22;2BR;40;17;TA;A1722
TA/17/23;ST;24;17;TA;A1723
TA/17/24;2BR;33;17;TA;A1724
TA/17/25;ST;24;17;TA;A1725
TA/17/26;ST;24;17;TA;A1726
TA/17/27;2BR;33;17;TA;A1727
TA/17/28;2BR;33;17;TA;A1728
TA/17/29;2BR;33;17;TA;A1729
TA/17/30;2BR;33;17;TA;A1730
TA/17/31;2BR;33;17;TA;A1731
TA/17/32;2BR;33;17;TA;A1732
TA/17/33;2BR;33;17;TA;A1733
TA/17/34;ST;24;17;TA;A1734
TA/18/01;ST;24;18;TA;A1801
TA/18/03;2BR;33;18;TA;A1803
TA/18/05;2BR;33;18;TA;A1805
TA/18/07;ST;18;18;TA;A1807
TA/18/08;ST;18;18;TA;A1808
TA/18/09;ST;18;18;TA;A1809
TA/18/10;ST;18;18;TA;A1810
TA/18/11;ST;18;18;TA;A1811
TA/18/12;ST;18;18;TA;A1812
TA/18/15;ST;24;18;TA;A1815
TA/18/16;2BR;40;18;TA;A1816
TA/18/17;2BR;33;18;TA;A1817
TA/18/18;2BR;33;18;TA;A1818
TA/18/19;2BR;33;18;TA;A1819
TA/18/20;2BR;33;18;TA;A1820
TA/18/21;2BR;33;18;TA;A1821
TA/18/22;2BR;40;18;TA;A1822
TA/18/23;ST;24;18;TA;A1823
TA/18/24;2BR;33;18;TA;A1824
TA/18/25;ST;24;18;TA;A1825
TA/18/26;ST;24;18;TA;A1826
TA/18/27;2BR;33;18;TA;A1827
TA/18/28;2BR;33;18;TA;A1828
TA/18/29;2BR;33;18;TA;A1829
TA/18/30;2BR;33;18;TA;A1830
TA/18/31;2BR;33;18;TA;A1831
TA/18/32;2BR;33;18;TA;A1832
TA/18/33;2BR;33;18;TA;A1833
TA/18/34;ST;24;18;TA;A1834
TA/19/01;ST;24;19;TA;A1901
TA/19/02;2BR;33;19;TA;A1902
TA/19/03;2BR;33;19;TA;A1903
TA/19/05;2BR;33;19;TA;A1905
TA/19/06;2BR;33;19;TA;A1906
TA/19/07;ST;18;19;TA;A1907
TA/19/08;ST;18;19;TA;A1908
TA/19/09;ST;18;19;TA;A1909
TA/19/10;ST;18;19;TA;A1910
TA/19/11;ST;18;19;TA;A1911
TA/19/12;ST;18;19;TA;A1912
TA/19/15;ST;24;19;TA;A1915
TA/19/16;2BR;40;19;TA;A1916
TA/19/17;2BR;33;19;TA;A1917
TA/19/18;2BR;33;19;TA;A1918
TA/19/19;2BR;33;19;TA;A1919
TA/19/20;2BR;33;19;TA;A1920
TA/19/21;2BR;33;19;TA;A1921
TA/19/22;2BR;40;19;TA;A1922
TA/19/23;ST;24;19;TA;A1923
TA/19/24;2BR;33;19;TA;A1924
TA/19/25;ST;24;19;TA;A1925
TA/19/26;ST;24;19;TA;A1926
TA/19/27;2BR;33;19;TA;A1927
TA/19/28;2BR;33;19;TA;A1928
TA/19/29;2BR;33;19;TA;A1929
TA/19/30;2BR;33;19;TA;A1930
TA/19/31;2BR;33;19;TA;A1931
TA/19/32;2BR;33;19;TA;A1932
TA/19/33;2BR;33;19;TA;A1933
TA/19/34;ST;24;19;TA;A1934
TA/20/01;ST;24;20;TA;A2001
TA/20/02;2BR;33;20;TA;A2002
TA/20/03;2BR;33;20;TA;A2003
TA/20/05;2BR;33;20;TA;A2005
TA/20/06;2BR;33;20;TA;A2006
TA/20/07;ST;18;20;TA;A2007
TA/20/08;ST;18;20;TA;A2008
TA/20/09;ST;18;20;TA;A2009
TA/20/10;ST;18;20;TA;A2010
TA/20/11;ST;18;20;TA;A2011
TA/20/12;ST;18;20;TA;A2012
TA/20/15;ST;24;20;TA;A2015
TA/20/16;2BR;40;20;TA;A2016
TA/20/17;2BR;33;20;TA;A2017
TA/20/18;2BR;33;20;TA;A2018
TA/20/19;2BR;33;20;TA;A2019
TA/20/20;2BR;33;20;TA;A2020
TA/20/21;2BR;33;20;TA;A2021
TA/20/22;2BR;40;20;TA;A2022
TA/20/23;ST;24;20;TA;A2023
TA/20/24;2BR;33;20;TA;A2024
TA/20/25;ST;24;20;TA;A2025
TA/20/26;ST;24;20;TA;A2026
TA/20/27;2BR;33;20;TA;A2027
TA/20/28;2BR;33;20;TA;A2028
TA/20/29;2BR;33;20;TA;A2029
TA/20/30;2BR;33;20;TA;A2030
TA/20/31;2BR;33;20;TA;A2031
TA/20/32;2BR;33;20;TA;A2032
TA/20/33;2BR;33;20;TA;A2033
TA/20/34;ST;24;20;TA;A2034
TA/21/01;ST;24;21;TA;A2101
TA/21/02;FS;66;21;TA;A2102
TA/21/03;FS;66;21;TA;A2103
TA/21/05;2BR;33;21;TA;A2105
TA/21/07;2BR;33;21;TA;A2107
TA/21/08;2BR;33;21;TA;A2108
TA/21/09;2BR;33;21;TA;A2109
TA/21/10;ST;24;21;TA;A2110
TA/21/11;2BR;40;21;TA;A2111
TA/21/12;2BR;33;21;TA;A2112
TA/21/15;2BR;33;21;TA;A2115
TA/21/16;2BR;33;21;TA;A2116
TA/21/17;2BR;33;21;TA;A2117
TA/21/18;2BR;33;21;TA;A2118
TA/21/19;2BR;40;21;TA;A2119
TA/21/20;ST;24;21;TA;A2120
TA/21/21;2BR;33;21;TA;A2121
TA/21/22;ST;24;21;TA;A2122
TA/21/23;ST;24;21;TA;A2123
TA/21/25;FS;66;21;TA;A2125
TA/21/26;2BR;33;21;TA;A2126
TA/21/27;2BR;33;21;TA;A2127
TA/21/28;2BR;33;21;TA;A2128
TA/21/29;2BR;33;21;TA;A2129
TA/21/30;2BR;33;21;TA;A2130
TA/21/31;ST;24;21;TA;A2131
TA/22/01;ST;24;22;TA;A2201
TA/22/03;FS;66;22;TA;A2203
TA/22/05;2BR;33;22;TA;A2205
TA/22/06;2BR;33;22;TA;A2206
TA/22/07;2BR;33;22;TA;A2207
TA/22/08;2BR;33;22;TA;A2208
TA/22/09;2BR;33;22;TA;A2209
TA/22/10;ST;24;22;TA;A2210
TA/22/11;2BR;40;22;TA;A2211
TA/22/12;2BR;33;22;TA;A2212
TA/22/15;2BR;33;22;TA;A2215
TA/22/16;2BR;33;22;TA;A2216
TA/22/17;2BR;33;22;TA;A2217
TA/22/18;2BR;33;22;TA;A2218
TA/22/19;2BR;40;22;TA;A2219
TA/22/20;ST;24;22;TA;A2220
TA/22/21;2BR;33;22;TA;A2221
TA/22/22;ST;24;22;TA;A2222
TA/22/23;ST;24;22;TA;A2223
TA/22/25;FS;66;22;TA;A2225
TA/22/26;2BR;33;22;TA;A2226
TA/22/27;2BR;33;22;TA;A2227
TA/22/28;2BR;33;22;TA;A2228
TA/22/29;2BR;33;22;TA;A2229
TA/22/30;2BR;33;22;TA;A2230
TA/22/31;ST;24;22;TA;A2231
TA/23/01;ST;24;23;TA;A2301
TA/23/02;2BR;33;23;TA;A2302
TA/23/03;2BR;33;23;TA;A2303
TA/23/05;2BR;33;23;TA;A2305
TA/23/07;2BR;33;23;TA;A2307
TA/23/08;2BR;33;23;TA;A2308
TA/23/09;2BR;33;23;TA;A2309
TA/23/10;ST;24;23;TA;A2310
TA/23/11;2BR;40;23;TA;A2311
TA/23/12;2BR;33;23;TA;A2312
TA/23/15;2BR;33;23;TA;A2315
TA/23/16;2BR;33;23;TA;A2316
TA/23/17;2BR;33;23;TA;A2317
TA/23/18;2BR;33;23;TA;A2318
TA/23/19;2BR;40;23;TA;A2319
TA/23/20;ST;24;23;TA;A2320
TA/23/21;2BR;33;23;TA;A2321
TA/23/22;ST;24;23;TA;A2322
TA/23/23;ST;33;23;TA;A2323
TA/23/24;FS;33;23;TA;A2324
TA/23/25;FS;33;23;TA;A2325
TA/23/26;2BR;33;23;TA;A2326
TA/23/27;2BR;33;23;TA;A2327
TA/23/28;2BR;33;23;TA;A2328
TA/23/29;2BR;33;23;TA;A2329
TA/23/30;2BR;33;23;TA;A2330
TA/23/31;ST;24;23;TA;A2331
TB/01/01;ST;24;1;TB;B0101
TB/01/02;2BR;33;1;TB;B0102
TB/01/03;2BR;33;1;TB;B0103
TB/01/05;2BR;33;1;TB;B0105
TB/01/06;2BR;33;1;TB;B0106
TB/01/07;ST;18;1;TB;B0107
TB/01/08;ST;18;1;TB;B0108
TB/01/09;ST;18;1;TB;B0109
TB/01/10;ST;18;1;TB;B0110
TB/01/11;ST;18;1;TB;B0111
TB/01/12;ST;18;1;TB;B0112
TB/01/15;ST;24;1;TB;B0115
TB/01/16;2BR;40;1;TB;B0116
TB/01/17;2BR;33;1;TB;B0117
TB/01/18;2BR;33;1;TB;B0118
TB/01/19;2BR;33;1;TB;B0119
TB/01/20;2BR;33;1;TB;B0120
TB/01/21;2BR;33;1;TB;B0121
TB/01/22;2BR;40;1;TB;B0122
TB/01/23;ST;24;1;TB;B0123
TB/01/24;2BR;33;1;TB;B0124
TB/01/25;ST;24;1;TB;B0125
TB/01/26;ST;24;1;TB;B0126
TB/01/27;2BR;33;1;TB;B0127
TB/01/28;2BR;33;1;TB;B0128
TB/01/29;2BR;33;1;TB;B0129
TB/01/30;2BR;33;1;TB;B0130
TB/01/31;2BR;33;1;TB;B0131
TB/01/32;2BR;33;1;TB;B0132
TB/01/33;2BR;33;1;TB;B0133
TB/01/34;ST;24;1;TB;B0134
TB/02/01;ST;24;2;TB;B0201
TB/02/02;2BR;33;2;TB;B0202
TB/02/03;2BR;33;2;TB;B0203
TB/02/05;2BR;33;2;TB;B0205
TB/02/06;2BR;33;2;TB;B0206
TB/02/07;ST;18;2;TB;B0207
TB/02/08;ST;18;2;TB;B0208
TB/02/09;ST;18;2;TB;B0209
TB/02/10;ST;18;2;TB;B0210
TB/02/11;ST;18;2;TB;B0211
TB/02/12;ST;18;2;TB;B0212
TB/02/15;ST;24;2;TB;B0215
TB/02/16;2BR;40;2;TB;B0216
TB/02/17;2BR;33;2;TB;B0217
TB/02/18;2BR;33;2;TB;B0218
TB/02/19;2BR;33;2;TB;B0219
TB/02/20;2BR;33;2;TB;B0220
TB/02/21;2BR;33;2;TB;B0221
TB/02/22;2BR;40;2;TB;B0222
TB/02/23;ST;24;2;TB;B0223
TB/02/24;2BR;33;2;TB;B0224
TB/02/25;ST;24;2;TB;B0225
TB/02/26;ST;24;2;TB;B0226
TB/02/27;2BR;33;2;TB;B0227
TB/02/28;2BR;33;2;TB;B0228
TB/02/29;2BR;33;2;TB;B0229
TB/02/30;2BR;33;2;TB;B0230
TB/02/31;2BR;33;2;TB;B0231
TB/02/32;2BR;33;2;TB;B0232
TB/02/33;2BR;33;2;TB;B0233
TB/02/34;ST;24;2;TB;B0234
TB/03/01;ST;24;3;TB;B0301
TB/03/02;2BR;33;3;TB;B0302
TB/03/03;2BR;33;3;TB;B0303
TB/03/05;2BR;33;3;TB;B0305
TB/03/07;ST;18;3;TB;B0307
TB/03/08;ST;18;3;TB;B0308
TB/03/09;ST;18;3;TB;B0309
TB/03/10;ST;18;3;TB;B0310
TB/03/11;ST;18;3;TB;B0311
TB/03/12;ST;18;3;TB;B0312
TB/03/15;ST;24;3;TB;B0315
TB/03/16;2BR;40;3;TB;B0316
TB/03/17;2BR;33;3;TB;B0317
TB/03/18;2BR;33;3;TB;B0318
TB/03/19;2BR;33;3;TB;B0319
TB/03/20;2BR;33;3;TB;B0320
TB/03/21;2BR;33;3;TB;B0321
TB/03/22;2BR;40;3;TB;B0322
TB/03/23;ST;24;3;TB;B0323
TB/03/24;2BR;33;3;TB;B0324
TB/03/25;ST;24;3;TB;B0325
TB/03/26;ST;24;3;TB;B0326
TB/03/27;2BR;33;3;TB;B0327
TB/03/28;2BR;33;3;TB;B0328
TB/03/29;2BR;33;3;TB;B0329
TB/03/30;2BR;33;3;TB;B0330
TB/03/31;2BR;33;3;TB;B0331
TB/03/32;2BR;33;3;TB;B0332
TB/03/33;2BR;33;3;TB;B0333
TB/03/34;ST;24;3;TB;B0334
TB/05/01;ST;24;5;TB;B0501
TB/05/02;2BR;33;5;TB;B0502
TB/05/03;2BR;33;5;TB;B0503
TB/05/05;2BR;33;5;TB;B0505
TB/05/06;2BR;33;5;TB;B0506
TB/05/07;ST;18;5;TB;B0507
TB/05/08;ST;18;5;TB;B0508
TB/05/09;ST;18;5;TB;B0509
TB/05/10;ST;18;5;TB;B0510
TB/05/11;ST;18;5;TB;B0511
TB/05/12;ST;18;5;TB;B0512
TB/05/15;ST;24;5;TB;B0515
TB/05/16;2BR;40;5;TB;B0516
TB/05/17;2BR;33;5;TB;B0517
TB/05/18;2BR;33;5;TB;B0518
TB/05/19;2BR;33;5;TB;B0519
TB/05/20;2BR;33;5;TB;B0520
TB/05/21;2BR;33;5;TB;B0521
TB/05/22;2BR;40;5;TB;B0522
TB/05/23;ST;24;5;TB;B0523
TB/05/24;2BR;33;5;TB;B0524
TB/05/25;ST;24;5;TB;B0525
TB/05/26;ST;24;5;TB;B0526
TB/05/27;2BR;33;5;TB;B0527
TB/05/28;2BR;33;5;TB;B0528
TB/05/29;2BR;33;5;TB;B0529
TB/05/30;2BR;33;5;TB;B0530
TB/05/31;2BR;33;5;TB;B0531
TB/05/32;2BR;33;5;TB;B0532
TB/05/33;2BR;33;5;TB;B0533
TB/05/34;ST;24;5;TB;B0534
TB/06/01;ST;24;6;TB;B0601
TB/06/02;2BR;33;6;TB;B0602
TB/06/03;2BR;33;6;TB;B0603
TB/06/05;2BR;33;6;TB;B0605
TB/06/06;2BR;33;6;TB;B0606
TB/06/07;ST;18;6;TB;B0607
TB/06/08;ST;18;6;TB;B0608
TB/06/09;ST;18;6;TB;B0609
TB/06/10;ST;18;6;TB;B0610
TB/06/11;ST;18;6;TB;B0611
TB/06/12;ST;18;6;TB;B0612
TB/06/15;ST;24;6;TB;B0615
TB/06/16;2BR;40;6;TB;B0616
TB/06/17;2BR;33;6;TB;B0617
TB/06/18;2BR;33;6;TB;B0618
TB/06/19;2BR;33;6;TB;B0619
TB/06/20;2BR;33;6;TB;B0620
TB/06/21;2BR;33;6;TB;B0621
TB/06/22;2BR;40;6;TB;B0622
TB/06/23;ST;24;6;TB;B0623
TB/06/24;2BR;33;6;TB;B0624
TB/06/25;ST;24;6;TB;B0625
TB/06/26;ST;24;6;TB;B0626
TB/06/27;2BR;33;6;TB;B0627
TB/06/28;2BR;33;6;TB;B0628
TB/06/29;2BR;33;6;TB;B0629
TB/06/30;2BR;33;6;TB;B0630
TB/06/31;2BR;33;6;TB;B0631
TB/06/32;2BR;33;6;TB;B0632
TB/06/33;2BR;33;6;TB;B0633
TB/06/34;ST;24;6;TB;B0634
TB/07/01;ST;24;7;TB;B0701
TB/07/02;2BR;33;7;TB;B0702
TB/07/05;2BR;33;7;TB;B0705
TB/07/07;ST;18;7;TB;B0707
TB/07/08;ST;18;7;TB;B0708
TB/07/09;ST;18;7;TB;B0709
TB/07/10;ST;18;7;TB;B0710
TB/07/11;ST;18;7;TB;B0711
TB/07/12;ST;18;7;TB;B0712
TB/07/15;ST;24;7;TB;B0715
TB/07/16;2BR;40;7;TB;B0716
TB/07/17;2BR;33;7;TB;B0717
TB/07/18;2BR;33;7;TB;B0718
TB/07/19;2BR;33;7;TB;B0719
TB/07/20;2BR;33;7;TB;B0720
TB/07/21;2BR;33;7;TB;B0721
TB/07/22;2BR;40;7;TB;B0722
TB/07/23;ST;24;7;TB;B0723
TB/07/24;2BR;33;7;TB;B0724
TB/07/25;ST;24;7;TB;B0725
TB/07/26;ST;24;7;TB;B0726
TB/07/27;2BR;33;7;TB;B0727
TB/07/28;2BR;33;7;TB;B0728
TB/07/29;2BR;33;7;TB;B0729
TB/07/30;2BR;33;7;TB;B0730
TB/07/31;2BR;33;7;TB;B0731
TB/07/32;2BR;33;7;TB;B0732
TB/07/33;2BR;33;7;TB;B0733
TB/07/34;ST;24;7;TB;B0734
TB/08/01;ST;24;8;TB;B0801
TB/08/02;2BR;33;8;TB;B0802
TB/08/03;2BR;33;8;TB;B0803
TB/08/05;2BR;33;8;TB;B0805
TB/08/06;2BR;33;8;TB;B0806
TB/08/07;ST;18;8;TB;B0807
TB/08/08;ST;18;8;TB;B0808
TB/08/09;ST;18;8;TB;B0809
TB/08/10;ST;18;8;TB;B0810
TB/08/11;ST;18;8;TB;B0811
TB/08/12;ST;18;8;TB;B0812
TB/08/15;ST;24;8;TB;B0815
TB/08/16;2BR;40;8;TB;B0816
TB/08/17;2BR;33;8;TB;B0817
TB/08/18;2BR;33;8;TB;B0818
TB/08/19;2BR;33;8;TB;B0819
TB/08/20;2BR;33;8;TB;B0820
TB/08/21;2BR;33;8;TB;B0821
TB/08/22;2BR;40;8;TB;B0822
TB/08/23;ST;24;8;TB;B0823
TB/08/24;2BR;33;8;TB;B0824
TB/08/25;ST;24;8;TB;B0825
TB/08/26;ST;24;8;TB;B0826
TB/08/27;2BR;33;8;TB;B0827
TB/08/28;2BR;33;8;TB;B0828
TB/08/29;2BR;33;8;TB;B0829
TB/08/30;2BR;33;8;TB;B0830
TB/08/31;2BR;33;8;TB;B0831
TB/08/32;2BR;33;8;TB;B0832
TB/08/33;2BR;33;8;TB;B0833
TB/08/34;ST;24;8;TB;B0834
TB/09/01;ST;24;9;TB;B0901
TB/09/02;2BR;33;9;TB;B0902
TB/09/03;2BR;33;9;TB;B0903
TB/09/05;2BR;33;9;TB;B0905
TB/09/06;2BR;33;9;TB;B0906
TB/09/07;ST;18;9;TB;B0907
TB/09/08;ST;18;9;TB;B0908
TB/09/09;ST;18;9;TB;B0909
TB/09/10;ST;18;9;TB;B0910
TB/09/11;ST;18;9;TB;B0911
TB/09/12;ST;18;9;TB;B0912
TB/09/15;ST;24;9;TB;B0915
TB/09/16;2BR;40;9;TB;B0916
TB/09/17;2BR;33;9;TB;B0917
TB/09/18;2BR;33;9;TB;B0918
TB/09/19;2BR;33;9;TB;B0919
TB/09/20;2BR;33;9;TB;B0920
TB/09/21;2BR;33;9;TB;B0921
TB/09/22;2BR;40;9;TB;B0922
TB/09/23;ST;24;9;TB;B0923
TB/09/24;2BR;33;9;TB;B0924
TB/09/25;ST;24;9;TB;B0925
TB/09/26;ST;24;9;TB;B0926
TB/09/27;2BR;33;9;TB;B0927
TB/09/28;2BR;33;9;TB;B0928
TB/09/29;2BR;33;9;TB;B0929
TB/09/30;2BR;33;9;TB;B0930
TB/09/31;2BR;33;9;TB;B0931
TB/09/32;2BR;33;9;TB;B0932
TB/09/33;2BR;33;9;TB;B0933
TB/09/34;ST;24;9;TB;B0934
TB/10/01;ST;24;10;TB;B1001
TB/10/03;2BR;33;10;TB;B1003
TB/10/05;2BR;33;10;TB;B1005
TB/10/07;ST;18;10;TB;B1007
TB/10/08;ST;18;10;TB;B1008
TB/10/09;ST;18;10;TB;B1009
TB/10/10;ST;18;10;TB;B1010
TB/10/11;ST;18;10;TB;B1011
TB/10/12;ST;18;10;TB;B1012
TB/10/15;ST;24;10;TB;B1015
TB/10/16;2BR;40;10;TB;B1016
TB/10/17;2BR;33;10;TB;B1017
TB/10/18;2BR;33;10;TB;B1018
TB/10/19;2BR;33;10;TB;B1019
TB/10/20;2BR;33;10;TB;B1020
TB/10/21;2BR;33;10;TB;B1021
TB/10/22;2BR;40;10;TB;B1022
TB/10/23;ST;24;10;TB;B1023
TB/10/24;2BR;33;10;TB;B1024
TB/10/25;ST;24;10;TB;B1025
TB/10/26;ST;24;10;TB;B1026
TB/10/27;2BR;33;10;TB;B1027
TB/10/28;2BR;33;10;TB;B1028
TB/10/29;2BR;33;10;TB;B1029
TB/10/30;2BR;33;10;TB;B1030
TB/10/31;2BR;33;10;TB;B1031
TB/10/32;2BR;33;10;TB;B1032
TB/10/33;2BR;33;10;TB;B1033
TB/10/34;ST;24;10;TB;B1034
TB/11/01;ST;24;11;TB;B1101
TB/11/02;2BR;33;11;TB;B1102
TB/11/03;2BR;33;11;TB;B1103
TB/11/05;2BR;33;11;TB;B1105
TB/11/06;2BR;33;11;TB;B1106
TB/11/07;ST;18;11;TB;B1107
TB/11/08;ST;18;11;TB;B1108
TB/11/09;ST;18;11;TB;B1109
TB/11/10;ST;18;11;TB;B1110
TB/11/11;ST;18;11;TB;B1111
TB/11/12;ST;18;11;TB;B1112
TB/11/15;ST;24;11;TB;B1115
TB/11/16;2BR;40;11;TB;B1116
TB/11/17;2BR;33;11;TB;B1117
TB/11/18;2BR;33;11;TB;B1118
TB/11/19;2BR;33;11;TB;B1119
TB/11/20;2BR;33;11;TB;B1120
TB/11/21;2BR;33;11;TB;B1121
TB/11/22;2BR;40;11;TB;B1122
TB/11/23;ST;24;11;TB;B1123
TB/11/24;2BR;33;11;TB;B1124
TB/11/25;ST;24;11;TB;B1125
TB/11/26;ST;24;11;TB;B1126
TB/11/27;2BR;33;11;TB;B1127
TB/11/28;2BR;33;11;TB;B1128
TB/11/29;2BR;33;11;TB;B1129
TB/11/30;2BR;33;11;TB;B1130
TB/11/31;2BR;33;11;TB;B1131
TB/11/32;2BR;33;11;TB;B1132
TB/11/33;2BR;33;11;TB;B1133
TB/11/34;ST;24;11;TB;B1134
TB/12/01;ST;24;12;TB;B1201
TB/12/02;2BR;33;12;TB;B1202
TB/12/03;2BR;33;12;TB;B1203
TB/12/05;2BR;33;12;TB;B1205
TB/12/06;2BR;33;12;TB;B1206
TB/12/07;ST;18;12;TB;B1207
TB/12/08;ST;18;12;TB;B1208
TB/12/09;ST;18;12;TB;B1209
TB/12/10;ST;18;12;TB;B1210
TB/12/11;ST;18;12;TB;B1211
TB/12/12;ST;18;12;TB;B1212
TB/12/15;ST;24;12;TB;B1215
TB/12/16;2BR;40;12;TB;B1216
TB/12/17;2BR;33;12;TB;B1217
TB/12/18;2BR;33;12;TB;B1218
TB/12/19;2BR;33;12;TB;B1219
TB/12/20;2BR;33;12;TB;B1220
TB/12/21;2BR;33;12;TB;B1221
TB/12/22;2BR;40;12;TB;B1222
TB/12/23;ST;24;12;TB;B1223
TB/12/24;2BR;33;12;TB;B1224
TB/12/25;ST;24;12;TB;B1225
TB/12/26;ST;24;12;TB;B1226
TB/12/27;2BR;33;12;TB;B1227
TB/12/28;2BR;33;12;TB;B1228
TB/12/29;2BR;33;12;TB;B1229
TB/12/30;2BR;33;12;TB;B1230
TB/12/31;2BR;33;12;TB;B1231
TB/12/32;2BR;33;12;TB;B1232
TB/12/33;2BR;33;12;TB;B1233
TB/12/34;ST;24;12;TB;B1234
TB/15/01;ST;24;15;TB;B1501
TB/15/03;2BR;33;15;TB;B1503
TB/15/05;2BR;33;15;TB;B1505
TB/15/07;ST;18;15;TB;B1507
TB/15/08;ST;18;15;TB;B1508
TB/15/09;ST;18;15;TB;B1509
TB/15/10;ST;18;15;TB;B1510
TB/15/11;ST;18;15;TB;B1511
TB/15/12;ST;18;15;TB;B1512
TB/15/15;ST;24;15;TB;B1515
TB/15/16;2BR;40;15;TB;B1516
TB/15/17;2BR;33;15;TB;B1517
TB/15/18;2BR;33;15;TB;B1518
TB/15/19;2BR;33;15;TB;B1519
TB/15/20;2BR;33;15;TB;B1520
TB/15/21;2BR;33;15;TB;B1521
TB/15/22;2BR;40;15;TB;B1522
TB/15/23;ST;24;15;TB;B1523
TB/15/24;2BR;33;15;TB;B1524
TB/15/25;ST;24;15;TB;B1525
TB/15/26;ST;24;15;TB;B1526
TB/15/27;2BR;33;15;TB;B1527
TB/15/28;2BR;33;15;TB;B1528
TB/15/29;2BR;33;15;TB;B1529
TB/15/30;2BR;33;15;TB;B1530
TB/15/31;2BR;33;15;TB;B1531
TB/15/32;2BR;33;15;TB;B1532
TB/15/33;2BR;33;15;TB;B1533
TB/15/34;ST;24;15;TB;B1534
TB/16/01;ST;24;16;TB;B1601
TB/16/02;2BR;33;16;TB;B1602
TB/16/03;2BR;33;16;TB;B1603
TB/16/05;2BR;33;16;TB;B1605
TB/16/06;2BR;33;16;TB;B1606
TB/16/07;ST;18;16;TB;B1607
TB/16/08;ST;18;16;TB;B1608
TB/16/09;ST;18;16;TB;B1609
TB/16/10;ST;18;16;TB;B1610
TB/16/11;ST;18;16;TB;B1611
TB/16/12;ST;18;16;TB;B1612
TB/16/15;ST;24;16;TB;B1615
TB/16/17;2BR;33;16;TB;B1617
TB/16/18;2BR;33;16;TB;B1618
TB/16/19;2BR;33;16;TB;B1619
TB/16/20;2BR;33;16;TB;B1620
TB/16/21;2BR;33;16;TB;B1621
TB/16/22;2BR;40;16;TB;B1622
TB/16/23;ST;24;16;TB;B1623
TB/16/24;2BR;33;16;TB;B1624
TB/16/25;ST;24;16;TB;B1625
TB/16/26;ST;24;16;TB;B1626
TB/16/27;2BR;33;16;TB;B1627
TB/16/28;2BR;33;16;TB;B1628
TB/16/29;2BR;33;16;TB;B1629
TB/16/30;2BR;33;16;TB;B1630
TB/16/31;2BR;33;16;TB;B1631
TB/16/32;2BR;33;16;TB;B1632
TB/16/33;2BR;33;16;TB;B1633
TB/16/34;ST;24;16;TB;B1634
TB/17/01;ST;24;17;TB;B1701
TB/17/02;2BR;33;17;TB;B1702
TB/17/03;2BR;33;17;TB;B1703
TB/17/05;2BR;33;17;TB;B1705
TB/17/06;2BR;33;17;TB;B1706
TB/17/07;ST;18;17;TB;B1707
TB/17/08;ST;18;17;TB;B1708
TB/17/09;ST;18;17;TB;B1709
TB/17/10;ST;18;17;TB;B1710
TB/17/11;ST;18;17;TB;B1711
TB/17/12;ST;18;17;TB;B1712
TB/17/15;ST;24;17;TB;B1715
TB/17/16;2BR;40;17;TB;B1716
TB/17/17;2BR;33;17;TB;B1717
TB/17/18;2BR;33;17;TB;B1718
TB/17/19;2BR;33;17;TB;B1719
TB/17/20;2BR;33;17;TB;B1720
TB/17/21;2BR;33;17;TB;B1721
TB/17/22;2BR;40;17;TB;B1722
TB/17/23;ST;24;17;TB;B1723
TB/17/24;2BR;33;17;TB;B1724
TB/17/25;ST;24;17;TB;B1725
TB/17/26;ST;24;17;TB;B1726
TB/17/27;2BR;33;17;TB;B1727
TB/17/28;2BR;33;17;TB;B1728
TB/17/29;2BR;33;17;TB;B1729
TB/17/30;2BR;33;17;TB;B1730
TB/17/31;2BR;33;17;TB;B1731
TB/17/32;2BR;33;17;TB;B1732
TB/17/33;2BR;33;17;TB;B1733
TB/17/34;ST;24;17;TB;B1734
TB/18/01;ST;24;18;TB;B1801
TB/18/03;2BR;33;18;TB;B1803
TB/18/05;2BR;33;18;TB;B1805
TB/18/07;ST;18;18;TB;B1807
TB/18/08;ST;18;18;TB;B1808
TB/18/09;ST;18;18;TB;B1809
TB/18/10;ST;18;18;TB;B1810
TB/18/11;ST;18;18;TB;B1811
TB/18/12;ST;18;18;TB;B1812
TB/18/15;ST;24;18;TB;B1815
TB/18/16;2BR;40;18;TB;B1816
TB/18/17;2BR;33;18;TB;B1817
TB/18/18;2BR;33;18;TB;B1818
TB/18/19;2BR;33;18;TB;B1819
TB/18/20;2BR;33;18;TB;B1820
TB/18/21;2BR;33;18;TB;B1821
TB/18/22;2BR;40;18;TB;B1822
TB/18/23;ST;24;18;TB;B1823
TB/18/24;2BR;33;18;TB;B1824
TB/18/25;ST;24;18;TB;B1825
TB/18/26;ST;24;18;TB;B1826
TB/18/27;2BR;33;18;TB;B1827
TB/18/28;2BR;33;18;TB;B1828
TB/18/29;2BR;33;18;TB;B1829
TB/18/30;2BR;33;18;TB;B1830
TB/18/31;2BR;33;18;TB;B1831
TB/18/32;2BR;33;18;TB;B1832
TB/18/33;2BR;33;18;TB;B1833
TB/18/34;ST;24;18;TB;B1834
TB/19/01;ST;24;19;TB;B1901
TB/19/02;2BR;33;19;TB;B1902
TB/19/03;2BR;33;19;TB;B1903
TB/19/05;2BR;33;19;TB;B1905
TB/19/06;2BR;33;19;TB;B1906
TB/19/07;ST;18;19;TB;B1907
TB/19/08;ST;18;19;TB;B1908
TB/19/09;ST;18;19;TB;B1909
TB/19/10;ST;18;19;TB;B1910
TB/19/11;ST;18;19;TB;B1911
TB/19/12;ST;18;19;TB;B1912
TB/19/15;ST;24;19;TB;B1915
TB/19/16;2BR;40;19;TB;B1916
TB/19/17;2BR;33;19;TB;B1917
TB/19/18;2BR;33;19;TB;B1918
TB/19/19;2BR;33;19;TB;B1919
TB/19/20;2BR;33;19;TB;B1920
TB/19/21;2BR;33;19;TB;B1921
TB/19/22;2BR;40;19;TB;B1922
TB/19/23;ST;24;19;TB;B1923
TB/19/24;2BR;33;19;TB;B1924
TB/19/25;ST;24;19;TB;B1925
TB/19/26;ST;24;19;TB;B1926
TB/19/27;2BR;33;19;TB;B1927
TB/19/28;2BR;33;19;TB;B1928
TB/19/29;2BR;33;19;TB;B1929
TB/19/30;2BR;33;19;TB;B1930
TB/19/31;2BR;33;19;TB;B1931
TB/19/32;2BR;33;19;TB;B1932
TB/19/33;2BR;33;19;TB;B1933
TB/19/34;ST;24;19;TB;B1934
TB/20/01;ST;24;20;TB;B2001
TB/20/02;2BR;33;20;TB;B2002
TB/20/03;2BR;33;20;TB;B2003
TB/20/05;2BR;33;20;TB;B2005
TB/20/06;2BR;33;20;TB;B2006
TB/20/07;ST;18;20;TB;B2007
TB/20/08;ST;18;20;TB;B2008
TB/20/09;ST;18;20;TB;B2009
TB/20/10;ST;18;20;TB;B2010
TB/20/11;ST;18;20;TB;B2011
TB/20/12;ST;18;20;TB;B2012
TB/20/15;ST;24;20;TB;B2015
TB/20/16;2BR;40;20;TB;B2016
TB/20/17;2BR;33;20;TB;B2017
TB/20/18;2BR;33;20;TB;B2018
TB/20/19;2BR;33;20;TB;B2019
TB/20/20;2BR;33;20;TB;B2020
TB/20/21;2BR;33;20;TB;B2021
TB/20/22;2BR;40;20;TB;B2022
TB/20/23;ST;24;20;TB;B2023
TB/20/24;2BR;33;20;TB;B2024
TB/20/25;ST;24;20;TB;B2025
TB/20/26;ST;24;20;TB;B2026
TB/20/27;2BR;33;20;TB;B2027
TB/20/28;2BR;33;20;TB;B2028
TB/20/29;2BR;33;20;TB;B2029
TB/20/30;2BR;33;20;TB;B2030
TB/20/31;2BR;33;20;TB;B2031
TB/20/32;2BR;33;20;TB;B2032
TB/20/33;2BR;33;20;TB;B2033
TB/20/34;ST;24;20;TB;B2034
TB/21/01;ST;24;21;TB;B2101
TB/21/02;2BR;33;21;TB;B2102
TB/21/03;2BR;33;21;TB;B2103
TB/21/05;2BR;33;21;TB;B2105
TB/21/07;2BR;33;21;TB;B2107
TB/21/08;2BR;33;21;TB;B2108
TB/21/09;2BR;33;21;TB;B2109
TB/21/10;ST;24;21;TB;B2110
TB/21/11;2BR;40;21;TB;B2111
TB/21/12;2BR;33;21;TB;B2112
TB/21/15;2BR;33;21;TB;B2115
TB/21/16;2BR;33;21;TB;B2116
TB/21/17;2BR;33;21;TB;B2117
TB/21/18;2BR;33;21;TB;B2118
TB/21/19;2BR;40;21;TB;B2119
TB/21/20;ST;24;21;TB;B2120
TB/21/21;2BR;33;21;TB;B2121
TB/21/22;ST;24;21;TB;B2122
TB/21/23;ST;24;21;TB;B2123
TB/21/25;FS;66;21;TB;B2125
TB/21/26;2BR;33;21;TB;B2126
TB/21/27;2BR;33;21;TB;B2127
TB/21/28;2BR;33;21;TB;B2128
TB/21/29;2BR;33;21;TB;B2129
TB/21/30;2BR;33;21;TB;B2130
TB/21/31;ST;24;21;TB;B2131
TB/22/01;ST;24;22;TB;B2201
TB/22/03;FS;66;22;TB;B2203
TB/22/05;2BR;33;22;TB;B2205
TB/22/06;2BR;33;22;TB;B2206
TB/22/07;2BR;33;22;TB;B2207
TB/22/08;2BR;33;22;TB;B2208
TB/22/09;2BR;33;22;TB;B2209
TB/22/10;ST;24;22;TB;B2210
TB/22/11;2BR;40;22;TB;B2211
TB/22/12;2BR;33;22;TB;B2212
TB/22/15;2BR;33;22;TB;B2215
TB/22/16;2BR;33;22;TB;B2216
TB/22/17;2BR;33;22;TB;B2217
TB/22/18;2BR;33;22;TB;B2218
TB/22/19;2BR;40;22;TB;B2219
TB/22/20;ST;24;22;TB;B2220
TB/22/21;2BR;33;22;TB;B2221
TB/22/22;ST;24;22;TB;B2222
TB/22/23;ST;24;22;TB;B2223
TB/22/25;FS;66;22;TB;B2225
TB/22/26;2BR;33;22;TB;B2226
TB/22/27;2BR;33;22;TB;B2227
TB/22/28;2BR;33;22;TB;B2228
TB/22/29;2BR;33;22;TB;B2229
TB/22/30;2BR;33;22;TB;B2230
TB/22/31;ST;24;22;TB;B2231
TB/23/01;ST;24;23;TB;B2301
TB/23/03;FS;66;23;TB;B2303
TB/23/05;2BR;33;23;TB;B2305
TB/23/07;2BR;33;23;TB;B2307
TB/23/08;2BR;33;23;TB;B2308
TB/23/09;2BR;33;23;TB;B2309
TB/23/10;ST;24;23;TB;B2310
TB/23/11;2BR;40;23;TB;B2311
TB/23/12;2BR;33;23;TB;B2312
TB/23/15;2BR;33;23;TB;B2315
TB/23/16;2BR;33;23;TB;B2316
TB/23/17;2BR;33;23;TB;B2317
TB/23/18;2BR;33;23;TB;B2318
TB/23/19;2BR;40;23;TB;B2319
TB/23/20;ST;24;23;TB;B2320
TB/23/21;2BR;33;23;TB;B2321
TB/23/22;ST;24;23;TB;B2322
TB/23/23;ST;24;23;TB;B2323
TB/23/24;2BR;33;23;TB;B2324
TB/23/25;2BR;33;23;TB;B2325
TB/23/26;2BR;33;23;TB;B2326
TB/23/27;2BR;33;23;TB;B2327
TB/23/28;2BR;33;23;TB;B2328
TB/23/29;2BR;33;23;TB;B2329
TB/23/30;2BR;33;23;TB;B2330
TB/23/31;ST;24;23;TB;B2331
TC/01/01;ST;24;1;TC;C0101
TC/01/02;2BR;33;1;TC;C0102
TC/01/03;2BR;33;1;TC;C0103
TC/01/05;2BR;33;1;TC;C0105
TC/01/06;2BR;33;1;TC;C0106
TC/01/07;ST;18;1;TC;C0107
TC/01/08;ST;18;1;TC;C0108
TC/01/09;ST;18;1;TC;C0109
TC/01/10;ST;18;1;TC;C0110
TC/01/11;ST;18;1;TC;C0111
TC/01/12;ST;18;1;TC;C0112
TC/01/15;ST;24;1;TC;C0115
TC/01/16;2BR;40;1;TC;C0116
TC/01/17;2BR;33;1;TC;C0117
TC/01/18;2BR;33;1;TC;C0118
TC/01/19;2BR;33;1;TC;C0119
TC/01/20;2BR;33;1;TC;C0120
TC/01/21;2BR;33;1;TC;C0121
TC/01/22;2BR;40;1;TC;C0122
TC/01/23;ST;24;1;TC;C0123
TC/01/24;2BR;33;1;TC;C0124
TC/01/25;ST;24;1;TC;C0125
TC/01/26;ST;24;1;TC;C0126
TC/01/27;2BR;33;1;TC;C0127
TC/01/28;2BR;33;1;TC;C0128
TC/01/29;2BR;33;1;TC;C0129
TC/01/30;2BR;33;1;TC;C0130
TC/01/32;2BR;33;1;TC;C0132
TC/01/33;2BR;33;1;TC;C0133
TC/01/34;ST;24;1;TC;C0134
TC/02/01;ST;24;2;TC;C0201
TC/02/02;2BR;33;2;TC;C0202
TC/02/03;2BR;33;2;TC;C0203
TC/02/05;2BR;33;2;TC;C0205
TC/02/06;2BR;33;2;TC;C0206
TC/02/07;ST;18;2;TC;C0207
TC/02/08;ST;18;2;TC;C0208
TC/02/09;ST;18;2;TC;C0209
TC/02/10;ST;18;2;TC;C0210
TC/02/11;ST;18;2;TC;C0211
TC/02/12;ST;18;2;TC;C0212
TC/02/15;ST;24;2;TC;C0215
TC/02/16;2BR;40;2;TC;C0216
TC/02/17;2BR;33;2;TC;C0217
TC/02/18;2BR;33;2;TC;C0218
TC/02/19;2BR;33;2;TC;C0219
TC/02/20;2BR;33;2;TC;C0220
TC/02/21;2BR;33;2;TC;C0221
TC/02/22;2BR;40;2;TC;C0222
TC/02/23;ST;24;2;TC;C0223
TC/02/24;2BR;33;2;TC;C0224
TC/02/25;ST;24;2;TC;C0225
TC/02/26;ST;24;2;TC;C0226
TC/02/27;2BR;33;2;TC;C0227
TC/02/28;2BR;33;2;TC;C0228
TC/02/29;2BR;33;2;TC;C0229
TC/02/30;2BR;33;2;TC;C0230
TC/02/31;2BR;33;2;TC;C0231
TC/02/32;2BR;33;2;TC;C0232
TC/02/33;2BR;33;2;TC;C0233
TC/02/34;ST;24;2;TC;C0234
TC/03/01;ST;24;3;TC;C0301
TC/03/02;2BR;33;3;TC;C0302
TC/03/03;2BR;33;3;TC;C0303
TC/03/05;2BR;33;3;TC;C0305
TC/03/07;ST;18;3;TC;C0307
TC/03/08;ST;18;3;TC;C0308
TC/03/09;ST;18;3;TC;C0309
TC/03/10;ST;18;3;TC;C0310
TC/03/11;ST;18;3;TC;C0311
TC/03/12;ST;18;3;TC;C0312
TC/03/15;ST;24;3;TC;C0315
TC/03/16;2BR;40;3;TC;C0316
TC/03/17;2BR;33;3;TC;C0317
TC/03/18;2BR;33;3;TC;C0318
TC/03/19;2BR;33;3;TC;C0319
TC/03/20;2BR;33;3;TC;C0320
TC/03/21;2BR;33;3;TC;C0321
TC/03/22;2BR;40;3;TC;C0322
TC/03/23;ST;24;3;TC;C0323
TC/03/24;2BR;33;3;TC;C0324
TC/03/25;ST;24;3;TC;C0325
TC/03/26;ST;24;3;TC;C0326
TC/03/27;2BR;33;3;TC;C0327
TC/03/28;2BR;33;3;TC;C0328
TC/03/29;2BR;33;3;TC;C0329
TC/03/30;2BR;33;3;TC;C0330
TC/03/31;2BR;33;3;TC;C0331
TC/03/32;2BR;33;3;TC;C0332
TC/03/33;2BR;33;3;TC;C0333
TC/03/34;ST;24;3;TC;C0334
TC/05/01;ST;24;5;TC;C0501
TC/05/02;2BR;33;5;TC;C0502
TC/05/03;2BR;33;5;TC;C0503
TC/05/05;2BR;33;5;TC;C0505
TC/05/06;2BR;33;5;TC;C0506
TC/05/07;ST;18;5;TC;C0507
TC/05/08;ST;18;5;TC;C0508
TC/05/09;ST;18;5;TC;C0509
TC/05/10;ST;18;5;TC;C0510
TC/05/11;ST;18;5;TC;C0511
TC/05/12;ST;18;5;TC;C0512
TC/05/15;ST;24;5;TC;C0515
TC/05/16;2BR;40;5;TC;C0516
TC/05/17;2BR;33;5;TC;C0517
TC/05/18;2BR;33;5;TC;C0518
TC/05/19;2BR;33;5;TC;C0519
TC/05/20;2BR;33;5;TC;C0520
TC/05/21;2BR;33;5;TC;C0521
TC/05/22;2BR;40;5;TC;C0522
TC/05/23;ST;24;5;TC;C0523
TC/05/24;2BR;33;5;TC;C0524
TC/05/25;ST;24;5;TC;C0525
TC/05/26;ST;24;5;TC;C0526
TC/05/27;2BR;33;5;TC;C0527
TC/05/28;2BR;33;5;TC;C0528
TC/05/29;2BR;33;5;TC;C0529
TC/05/30;2BR;33;5;TC;C0530
TC/05/31;2BR;33;5;TC;C0531
TC/05/32;2BR;33;5;TC;C0532
TC/05/33;2BR;33;5;TC;C0533
TC/05/34;ST;24;5;TC;C0534
TC/06/01;ST;24;6;TC;C0601
TC/06/02;2BR;33;6;TC;C0602
TC/06/03;2BR;33;6;TC;C0603
TC/06/05;2BR;33;6;TC;C0605
TC/06/06;2BR;33;6;TC;C0606
TC/06/07;ST;18;6;TC;C0607
TC/06/08;ST;18;6;TC;C0608
TC/06/09;ST;18;6;TC;C0609
TC/06/10;ST;18;6;TC;C0610
TC/06/11;ST;18;6;TC;C0611
TC/06/12;ST;18;6;TC;C0612
TC/06/15;ST;24;6;TC;C0615
TC/06/16;2BR;40;6;TC;C0616
TC/06/17;2BR;33;6;TC;C0617
TC/06/18;2BR;33;6;TC;C0618
TC/06/19;2BR;33;6;TC;C0619
TC/06/20;2BR;33;6;TC;C0620
TC/06/21;2BR;33;6;TC;C0621
TC/06/22;2BR;40;6;TC;C0622
TC/06/23;ST;24;6;TC;C0623
TC/06/24;2BR;33;6;TC;C0624
TC/06/25;ST;24;6;TC;C0625
TC/06/26;ST;24;6;TC;C0626
TC/06/27;2BR;33;6;TC;C0627
TC/06/28;2BR;33;6;TC;C0628
TC/06/29;2BR;33;6;TC;C0629
TC/06/30;2BR;33;6;TC;C0630
TC/06/31;2BR;33;6;TC;C0631
TC/06/32;2BR;33;6;TC;C0632
TC/06/33;2BR;33;6;TC;C0633
TC/06/34;ST;24;6;TC;C0634
TC/07/01;ST;24;7;TC;C0701
TC/07/03;2BR;33;7;TC;C0703
TC/07/05;2BR;33;7;TC;C0705
TC/07/07;ST;18;7;TC;C0707
TC/07/08;ST;18;7;TC;C0708
TC/07/09;ST;18;7;TC;C0709
TC/07/10;ST;18;7;TC;C0710
TC/07/11;ST;18;7;TC;C0711
TC/07/12;ST;18;7;TC;C0712
TC/07/15;ST;24;7;TC;C0715
TC/07/16;2BR;40;7;TC;C0716
TC/07/17;2BR;33;7;TC;C0717
TC/07/18;2BR;33;7;TC;C0718
TC/07/19;2BR;33;7;TC;C0719
TC/07/20;2BR;33;7;TC;C0720
TC/07/21;2BR;33;7;TC;C0721
TC/07/22;2BR;40;7;TC;C0722
TC/07/23;ST;24;7;TC;C0723
TC/07/24;2BR;33;7;TC;C0724
TC/07/25;ST;24;7;TC;C0725
TC/07/26;ST;24;7;TC;C0726
TC/07/27;2BR;33;7;TC;C0727
TC/07/28;2BR;33;7;TC;C0728
TC/07/29;2BR;33;7;TC;C0729
TC/07/30;2BR;33;7;TC;C0730
TC/07/31;2BR;33;7;TC;C0731
TC/07/32;2BR;33;7;TC;C0732
TC/07/33;2BR;33;7;TC;C0733
TC/07/34;ST;24;7;TC;C0734
TC/08/01;ST;24;8;TC;C0801
TC/08/02;2BR;33;8;TC;C0802
TC/08/03;2BR;33;8;TC;C0803
TC/08/05;2BR;33;8;TC;C0805
TC/08/06;2BR;33;8;TC;C0806
TC/08/07;ST;18;8;TC;C0807
TC/08/08;ST;18;8;TC;C0808
TC/08/09;ST;18;8;TC;C0809
TC/08/10;ST;18;8;TC;C0810
TC/08/11;ST;18;8;TC;C0811
TC/08/12;ST;18;8;TC;C0812
TC/08/15;ST;24;8;TC;C0815
TC/08/16;2BR;40;8;TC;C0816
TC/08/17;2BR;33;8;TC;C0817
TC/08/18;2BR;33;8;TC;C0818
TC/08/19;2BR;33;8;TC;C0819
TC/08/20;2BR;33;8;TC;C0820
TC/08/21;2BR;33;8;TC;C0821
TC/08/22;2BR;40;8;TC;C0822
TC/08/23;ST;24;8;TC;C0823
TC/08/24;2BR;33;8;TC;C0824
TC/08/25;ST;24;8;TC;C0825
TC/08/26;ST;24;8;TC;C0826
TC/08/27;2BR;33;8;TC;C0827
TC/08/28;2BR;33;8;TC;C0828
TC/08/29;2BR;33;8;TC;C0829
TC/08/30;2BR;33;8;TC;C0830
TC/08/31;2BR;33;8;TC;C0831
TC/08/32;2BR;33;8;TC;C0832
TC/08/33;2BR;33;8;TC;C0833
TC/08/34;ST;24;8;TC;C0834
TC/09/01;ST;24;9;TC;C0901
TC/09/02;2BR;33;9;TC;C0902
TC/09/03;2BR;33;9;TC;C0903
TC/09/05;2BR;33;9;TC;C0905
TC/09/06;2BR;33;9;TC;C0906
TC/09/07;ST;18;9;TC;C0907
TC/09/08;ST;18;9;TC;C0908
TC/09/09;ST;18;9;TC;C0909
TC/09/10;ST;18;9;TC;C0910
TC/09/11;ST;18;9;TC;C0911
TC/09/12;ST;18;9;TC;C0912
TC/09/15;ST;24;9;TC;C0915
TC/09/16;2BR;40;9;TC;C0916
TC/09/17;2BR;33;9;TC;C0917
TC/09/18;2BR;33;9;TC;C0918
TC/09/19;2BR;33;9;TC;C0919
TC/09/20;2BR;33;9;TC;C0920
TC/09/21;2BR;33;9;TC;C0921
TC/09/22;2BR;40;9;TC;C0922
TC/09/23;ST;24;9;TC;C0923
TC/09/24;2BR;33;9;TC;C0924
TC/09/25;ST;24;9;TC;C0925
TC/09/26;ST;24;9;TC;C0926
TC/09/27;2BR;33;9;TC;C0927
TC/09/28;2BR;33;9;TC;C0928
TC/09/29;2BR;33;9;TC;C0929
TC/09/30;2BR;33;9;TC;C0930
TC/09/31;2BR;33;9;TC;C0931
TC/09/32;2BR;33;9;TC;C0932
TC/09/33;2BR;33;9;TC;C0933
TC/09/34;ST;24;9;TC;C0934
TC/10/01;ST;24;10;TC;C1001
TC/10/03;2BR;33;10;TC;C1003
TC/10/05;2BR;33;10;TC;C1005
TC/10/07;ST;18;10;TC;C1007
TC/10/08;ST;18;10;TC;C1008
TC/10/09;ST;18;10;TC;C1009
TC/10/10;ST;18;10;TC;C1010
TC/10/11;ST;18;10;TC;C1011
TC/10/12;ST;18;10;TC;C1012
TC/10/15;ST;24;10;TC;C1015
TC/10/16;2BR;40;10;TC;C1016
TC/10/17;2BR;33;10;TC;C1017
TC/10/18;2BR;33;10;TC;C1018
TC/10/19;2BR;33;10;TC;C1019
TC/10/20;2BR;33;10;TC;C1020
TC/10/21;2BR;33;10;TC;C1021
TC/10/22;2BR;40;10;TC;C1022
TC/10/23;ST;24;10;TC;C1023
TC/10/24;2BR;33;10;TC;C1024
TC/10/25;ST;24;10;TC;C1025
TC/10/26;ST;24;10;TC;C1026
TC/10/27;2BR;33;10;TC;C1027
TC/10/28;2BR;33;10;TC;C1028
TC/10/29;2BR;33;10;TC;C1029
TC/10/30;2BR;33;10;TC;C1030
TC/10/31;2BR;33;10;TC;C1031
TC/10/32;2BR;33;10;TC;C1032
TC/10/33;2BR;33;10;TC;C1033
TC/10/34;ST;24;10;TC;C1034
TC/11/01;ST;24;11;TC;C1101
TC/11/02;2BR;33;11;TC;C1102
TC/11/03;2BR;33;11;TC;C1103
TC/11/05;2BR;33;11;TC;C1105
TC/11/06;2BR;33;11;TC;C1106
TC/11/07;ST;18;11;TC;C1107
TC/11/08;ST;18;11;TC;C1108
TC/11/09;ST;18;11;TC;C1109
TC/11/10;ST;18;11;TC;C1110
TC/11/11;ST;18;11;TC;C1111
TC/11/12;ST;18;11;TC;C1112
TC/11/15;ST;24;11;TC;C1115
TC/11/16;2BR;40;11;TC;C1116
TC/11/17;2BR;33;11;TC;C1117
TC/11/18;2BR;33;11;TC;C1118
TC/11/19;2BR;33;11;TC;C1119
TC/11/20;2BR;33;11;TC;C1120
TC/11/21;2BR;33;11;TC;C1121
TC/11/22;2BR;40;11;TC;C1122
TC/11/23;ST;24;11;TC;C1123
TC/11/24;2BR;33;11;TC;C1124
TC/11/25;ST;24;11;TC;C1125
TC/11/26;ST;24;11;TC;C1126
TC/11/27;2BR;33;11;TC;C1127
TC/11/28;2BR;33;11;TC;C1128
TC/11/29;2BR;33;11;TC;C1129
TC/11/30;2BR;33;11;TC;C1130
TC/11/31;2BR;33;11;TC;C1131
TC/11/32;2BR;33;11;TC;C1132
TC/11/33;2BR;33;11;TC;C1133
TC/11/34;ST;24;11;TC;C1134
TC/12/01;ST;24;12;TC;C1201
TC/12/02;2BR;33;12;TC;C1202
TC/12/03;2BR;33;12;TC;C1203
TC/12/05;2BR;33;12;TC;C1205
TC/12/06;2BR;33;12;TC;C1206
TC/12/07;ST;18;12;TC;C1207
TC/12/08;ST;18;12;TC;C1208
TC/12/09;ST;18;12;TC;C1209
TC/12/10;ST;18;12;TC;C1210
TC/12/11;ST;18;12;TC;C1211
TC/12/12;ST;18;12;TC;C1212
TC/12/15;ST;24;12;TC;C1215
TC/12/16;2BR;40;12;TC;C1216
TC/12/17;2BR;33;12;TC;C1217
TC/12/18;2BR;33;12;TC;C1218
TC/12/19;2BR;33;12;TC;C1219
TC/12/20;2BR;33;12;TC;C1220
TC/12/21;2BR;33;12;TC;C1221
TC/12/22;2BR;40;12;TC;C1222
TC/12/23;ST;24;12;TC;C1223
TC/12/24;2BR;33;12;TC;C1224
TC/12/25;ST;24;12;TC;C1225
TC/12/26;ST;24;12;TC;C1226
TC/12/27;2BR;33;12;TC;C1227
TC/12/28;2BR;33;12;TC;C1228
TC/12/29;2BR;33;12;TC;C1229
TC/12/30;2BR;33;12;TC;C1230
TC/12/31;2BR;33;12;TC;C1231
TC/12/32;2BR;33;12;TC;C1232
TC/12/33;2BR;33;12;TC;C1233
TC/12/34;ST;24;12;TC;C1234
TC/15/01;ST;24;15;TC;C1501
TC/15/03;2BR;33;15;TC;C1503
TC/15/05;2BR;33;15;TC;C1505
TC/15/07;ST;18;15;TC;C1507
TC/15/08;ST;18;15;TC;C1508
TC/15/09;ST;18;15;TC;C1509
TC/15/10;ST;18;15;TC;C1510
TC/15/11;ST;18;15;TC;C1511
TC/15/12;ST;18;15;TC;C1512
TC/15/15;ST;24;15;TC;C1515
TC/15/16;2BR;40;15;TC;C1516
TC/15/17;2BR;33;15;TC;C1517
TC/15/18;2BR;33;15;TC;C1518
TC/15/19;2BR;33;15;TC;C1519
TC/15/20;2BR;33;15;TC;C1520
TC/15/21;2BR;33;15;TC;C1521
TC/15/22;2BR;40;15;TC;C1522
TC/15/23;ST;24;15;TC;C1523
TC/15/24;2BR;33;15;TC;C1524
TC/15/25;ST;24;15;TC;C1525
TC/15/26;ST;24;15;TC;C1526
TC/15/27;2BR;33;15;TC;C1527
TC/15/28;2BR;33;15;TC;C1528
TC/15/29;2BR;33;15;TC;C1529
TC/15/30;2BR;33;15;TC;C1530
TC/15/31;2BR;33;15;TC;C1531
TC/15/32;2BR;33;15;TC;C1532
TC/15/33;2BR;33;15;TC;C1533
TC/15/34;ST;24;15;TC;C1534
TC/16/01;ST;24;16;TC;C1601
TC/16/02;2BR;33;16;TC;C1602
TC/16/03;2BR;33;16;TC;C1603
TC/16/05;2BR;33;16;TC;C1605
TC/16/06;2BR;33;16;TC;C1606
TC/16/07;ST;18;16;TC;C1607
TC/16/08;ST;18;16;TC;C1608
TC/16/09;ST;18;16;TC;C1609
TC/16/10;ST;18;16;TC;C1610
TC/16/11;ST;18;16;TC;C1611
TC/16/12;ST;18;16;TC;C1612
TC/16/15;ST;24;16;TC;C1615
TC/16/16;2BR;40;16;TC;C1616
TC/16/17;2BR;33;16;TC;C1617
TC/16/18;2BR;33;16;TC;C1618
TC/16/19;2BR;33;16;TC;C1619
TC/16/20;2BR;33;16;TC;C1620
TC/16/21;2BR;33;16;TC;C1621
TC/16/22;2BR;40;16;TC;C1622
TC/16/23;ST;24;16;TC;C1623
TC/16/24;2BR;33;16;TC;C1624
TC/16/25;ST;24;16;TC;C1625
TC/16/26;ST;24;16;TC;C1626
TC/16/27;2BR;33;16;TC;C1627
TC/16/28;2BR;33;16;TC;C1628
TC/16/29;2BR;33;16;TC;C1629
TC/16/30;2BR;33;16;TC;C1630
TC/16/31;2BR;33;16;TC;C1631
TC/16/32;2BR;33;16;TC;C1632
TC/16/33;2BR;33;16;TC;C1633
TC/16/34;ST;24;16;TC;C1634
TC/17/01;ST;24;17;TC;C1701
TC/17/02;2BR;33;17;TC;C1702
TC/17/03;2BR;33;17;TC;C1703
TC/17/05;2BR;33;17;TC;C1705
TC/17/06;2BR;33;17;TC;C1706
TC/17/07;ST;18;17;TC;C1707
TC/17/08;ST;18;17;TC;C1708
TC/17/09;ST;18;17;TC;C1709
TC/17/10;ST;18;17;TC;C1710
TC/17/11;ST;18;17;TC;C1711
TC/17/12;ST;18;17;TC;C1712
TC/17/15;ST;24;17;TC;C1715
TC/17/16;2BR;40;17;TC;C1716
TC/17/17;2BR;33;17;TC;C1717
TC/17/18;2BR;33;17;TC;C1718
TC/17/19;2BR;33;17;TC;C1719
TC/17/20;2BR;33;17;TC;C1720
TC/17/21;2BR;33;17;TC;C1721
TC/17/22;2BR;40;17;TC;C1722
TC/17/23;ST;24;17;TC;C1723
TC/17/24;2BR;33;17;TC;C1724
TC/17/25;ST;24;17;TC;C1725
TC/17/26;ST;24;17;TC;C1726
TC/17/27;2BR;33;17;TC;C1727
TC/17/28;2BR;33;17;TC;C1728
TC/17/29;2BR;33;17;TC;C1729
TC/17/30;2BR;33;17;TC;C1730
TC/17/31;2BR;33;17;TC;C1731
TC/17/32;2BR;33;17;TC;C1732
TC/17/33;2BR;33;17;TC;C1733
TC/17/34;ST;24;17;TC;C1734
TC/18/01;ST;24;18;TC;C1801
TC/18/03;2BR;33;18;TC;C1803
TC/18/05;2BR;33;18;TC;C1805
TC/18/07;ST;18;18;TC;C1807
TC/18/08;ST;18;18;TC;C1808
TC/18/09;ST;18;18;TC;C1809
TC/18/10;ST;18;18;TC;C1810
TC/18/11;ST;18;18;TC;C1811
TC/18/12;ST;18;18;TC;C1812
TC/18/15;ST;24;18;TC;C1815
TC/18/16;2BR;40;18;TC;C1816
TC/18/17;2BR;33;18;TC;C1817
TC/18/18;2BR;33;18;TC;C1818
TC/18/19;2BR;33;18;TC;C1819
TC/18/20;2BR;33;18;TC;C1820
TC/18/21;2BR;33;18;TC;C1821
TC/18/22;2BR;40;18;TC;C1822
TC/18/23;ST;24;18;TC;C1823
TC/18/24;2BR;33;18;TC;C1824
TC/18/25;ST;24;18;TC;C1825
TC/18/26;ST;24;18;TC;C1826
TC/18/27;2BR;33;18;TC;C1827
TC/18/28;2BR;33;18;TC;C1828
TC/18/29;2BR;33;18;TC;C1829
TC/18/30;2BR;33;18;TC;C1830
TC/18/31;2BR;33;18;TC;C1831
TC/18/32;2BR;33;18;TC;C1832
TC/18/33;2BR;33;18;TC;C1833
TC/18/34;ST;24;18;TC;C1834
TC/19/01;ST;24;19;TC;C1901
TC/19/02;2BR;33;19;TC;C1902
TC/19/03;2BR;33;19;TC;C1903
TC/19/05;2BR;33;19;TC;C1905
TC/19/07;ST;18;19;TC;C1907
TC/19/08;ST;18;19;TC;C1908
TC/19/09;ST;18;19;TC;C1909
TC/19/10;ST;18;19;TC;C1910
TC/19/11;ST;18;19;TC;C1911
TC/19/12;ST;18;19;TC;C1912
TC/19/15;ST;24;19;TC;C1915
TC/19/16;2BR;40;19;TC;C1916
TC/19/17;2BR;33;19;TC;C1917
TC/19/18;2BR;33;19;TC;C1918
TC/19/19;2BR;33;19;TC;C1919
TC/19/20;2BR;33;19;TC;C1920
TC/19/21;2BR;33;19;TC;C1921
TC/19/22;2BR;40;19;TC;C1922
TC/19/23;ST;24;19;TC;C1923
TC/19/24;2BR;33;19;TC;C1924
TC/19/25;ST;24;19;TC;C1925
TC/19/26;ST;24;19;TC;C1926
TC/19/27;2BR;33;19;TC;C1927
TC/19/28;2BR;33;19;TC;C1928
TC/19/29;2BR;33;19;TC;C1929
TC/19/30;2BR;33;19;TC;C1930
TC/19/31;2BR;33;19;TC;C1931
TC/19/32;2BR;33;19;TC;C1932
TC/19/33;2BR;33;19;TC;C1933
TC/19/34;ST;24;19;TC;C1934
TC/20/01;ST;24;20;TC;C2001
TC/20/02;2BR;33;20;TC;C2002
TC/20/03;2BR;33;20;TC;C2003
TC/20/05;2BR;33;20;TC;C2005
TC/20/06;2BR;33;20;TC;C2006
TC/20/07;ST;18;20;TC;C2007
TC/20/08;ST;18;20;TC;C2008
TC/20/09;ST;18;20;TC;C2009
TC/20/10;ST;18;20;TC;C2010
TC/20/11;ST;18;20;TC;C2011
TC/20/12;ST;18;20;TC;C2012
TC/20/15;ST;24;20;TC;C2015
TC/20/16;2BR;40;20;TC;C2016
TC/20/17;2BR;33;20;TC;C2017
TC/20/18;2BR;33;20;TC;C2018
TC/20/19;2BR;33;20;TC;C2019
TC/20/20;2BR;33;20;TC;C2020
TC/20/21;2BR;33;20;TC;C2021
TC/20/22;2BR;40;20;TC;C2022
TC/20/23;ST;24;20;TC;C2023
TC/20/24;2BR;33;20;TC;C2024
TC/20/25;ST;24;20;TC;C2025
TC/20/26;ST;24;20;TC;C2026
TC/20/28;2BR;33;20;TC;C2028
TC/20/29;2BR;33;20;TC;C2029
TC/20/30;2BR;33;20;TC;C2030
TC/20/31;2BR;33;20;TC;C2031
TC/20/32;2BR;33;20;TC;C2032
TC/20/33;2BR;33;20;TC;C2033
TC/20/34;ST;24;20;TC;C2034
TC/21/01;ST;24;21;TC;C2101
TC/21/03;FS;66;21;TC;C2103
TC/21/05;2BR;33;21;TC;C2105
TC/21/07;2BR;33;21;TC;C2107
TC/21/08;2BR;33;21;TC;C2108
TC/21/09;2BR;33;21;TC;C2109
TC/21/10;ST;24;21;TC;C2110
TC/21/11;2BR;40;21;TC;C2111
TC/21/12;2BR;33;21;TC;C2112
TC/21/15;2BR;33;21;TC;C2115
TC/21/16;2BR;33;21;TC;C2116
TC/21/17;2BR;33;21;TC;C2117
TC/21/18;2BR;33;21;TC;C2118
TC/21/19;2BR;40;21;TC;C2119
TC/21/20;ST;24;21;TC;C2120
TC/21/21;2BR;33;21;TC;C2121
TC/21/22;ST;24;21;TC;C2122
TC/21/23;ST;24;21;TC;C2123
TC/21/25;FS;66;21;TC;C2125
TC/21/26;2BR;33;21;TC;C2126
TC/21/27;2BR;33;21;TC;C2127
TC/21/28;2BR;33;21;TC;C2128
TC/21/29;2BR;33;21;TC;C2129
TC/21/30;2BR;33;21;TC;C2130
TC/21/31;ST;24;21;TC;C2131
TC/22/01;ST;24;22;TC;C2201
TC/22/03;FS;66;22;TC;C2203
TC/22/05;2BR;33;22;TC;C2205
TC/22/06;2BR;33;22;TC;C2206
TC/22/07;2BR;33;22;TC;C2207
TC/22/08;2BR;33;22;TC;C2208
TC/22/09;2BR;33;22;TC;C2209
TC/22/10;ST;24;22;TC;C2210
TC/22/11;2BR;40;22;TC;C2211
TC/22/12;2BR;33;22;TC;C2212
TC/22/15;2BR;33;22;TC;C2215
TC/22/16;2BR;33;22;TC;C2216
TC/22/17;2BR;33;22;TC;C2217
TC/22/18;2BR;33;22;TC;C2218
TC/22/19;2BR;40;22;TC;C2219
TC/22/20;ST;24;22;TC;C2220
TC/22/21;2BR;33;22;TC;C2221
TC/22/22;ST;24;22;TC;C2222
TC/22/23;ST;24;22;TC;C2223
TC/22/24;2BR;33;22;TC;C2224
TC/22/25;2BR;33;22;TC;C2225
TC/22/26;2BR;33;22;TC;C2226
TC/22/27;2BR;33;22;TC;C2227
TC/22/28;2BR;33;22;TC;C2228
TC/22/29;2BR;33;22;TC;C2229
TC/22/30;2BR;33;22;TC;C2230
TC/22/31;ST;24;22;TC;C2231
TC/23/01;ST;24;23;TC;C2301
TC/23/02;2BR;33;23;TC;C2302
TC/23/03;2BR;33;23;TC;C2303
TC/23/05;2BR;33;23;TC;C2305
TC/23/07;2BR;33;23;TC;C2307
TC/23/08;2BR;33;23;TC;C2308
TC/23/09;2BR;33;23;TC;C2309
TC/23/10;ST;24;23;TC;C2310
TC/23/11;2BR;40;23;TC;C2311
TC/23/12;2BR;33;23;TC;C2312
TC/23/15;2BR;33;23;TC;C2315
TC/23/16;2BR;33;23;TC;C2316
TC/23/17;2BR;33;23;TC;C2317
TC/23/18;2BR;33;23;TC;C2318
TC/23/19;2BR;40;23;TC;C2319
TC/23/20;ST;24;23;TC;C2320
TC/23/21;2BR;33;23;TC;C2321
TC/23/22;ST;24;23;TC;C2322
TC/23/23;ST;24;23;TC;C2323
TC/23/24;2BR;33;23;TC;C2324
TC/23/25;2BR;33;23;TC;C2325
TC/23/26;2BR;33;23;TC;C2326
TC/23/27;2BR;33;23;TC;C2327
TC/23/28;2BR;33;23;TC;C2328
TC/23/29;2BR;33;23;TC;C2329
TC/23/30;2BR;33;23;TC;C2330
TC/23/31;ST;24;23;TC;C2331
TD/01/01;ST;24;1;TD;D0101
TD/01/02;2BR;33;1;TD;D0102
TD/01/03;2BR;33;1;TD;D0103
TD/01/05;2BR;33;1;TD;D0105
TD/01/06;2BR;33;1;TD;D0106
TD/01/07;ST;18;1;TD;D0107
TD/01/08;ST;18;1;TD;D0108
TD/01/09;ST;18;1;TD;D0109
TD/01/10;ST;18;1;TD;D0110
TD/01/11;ST;18;1;TD;D0111
TD/01/12;ST;18;1;TD;D0112
TD/01/15;ST;24;1;TD;D0115
TD/01/16;2BR;40;1;TD;D0116
TD/01/17;2BR;33;1;TD;D0117
TD/01/18;2BR;33;1;TD;D0118
TD/01/19;2BR;33;1;TD;D0119
TD/01/20;2BR;33;1;TD;D0120
TD/01/21;2BR;33;1;TD;D0121
TD/01/22;2BR;40;1;TD;D0122
TD/01/23;ST;24;1;TD;D0123
TD/01/24;2BR;33;1;TD;D0124
TD/01/25;ST;24;1;TD;D0125
TD/01/26;ST;24;1;TD;D0126
TD/01/27;2BR;33;1;TD;D0127
TD/01/28;2BR;33;1;TD;D0128
TD/01/29;2BR;33;1;TD;D0129
TD/01/30;2BR;33;1;TD;D0130
TD/01/31;2BR;33;1;TD;D0131
TD/01/32;2BR;33;1;TD;D0132
TD/01/33;2BR;33;1;TD;D0133
TD/01/34;ST;24;1;TD;D0134
TD/02/01;ST;24;2;TD;D0201
TD/02/02;2BR;33;2;TD;D0202
TD/02/03;2BR;33;2;TD;D0203
TD/02/05;2BR;33;2;TD;D0205
TD/02/06;2BR;33;2;TD;D0206
TD/02/07;ST;18;2;TD;D0207
TD/02/08;ST;18;2;TD;D0208
TD/02/09;ST;18;2;TD;D0209
TD/02/10;ST;18;2;TD;D0210
TD/02/11;ST;18;2;TD;D0211
TD/02/12;ST;18;2;TD;D0212
TD/02/15;ST;24;2;TD;D0215
TD/02/16;2BR;40;2;TD;D0216
TD/02/17;2BR;33;2;TD;D0217
TD/02/18;2BR;33;2;TD;D0218
TD/02/19;2BR;33;2;TD;D0219
TD/02/20;2BR;33;2;TD;D0220
TD/02/21;2BR;33;2;TD;D0221
TD/02/22;2BR;40;2;TD;D0222
TD/02/23;ST;24;2;TD;D0223
TD/02/24;2BR;33;2;TD;D0224
TD/02/25;ST;24;2;TD;D0225
TD/02/26;ST;24;2;TD;D0226
TD/02/27;2BR;33;2;TD;D0227
TD/02/28;2BR;33;2;TD;D0228
TD/02/29;2BR;33;2;TD;D0229
TD/02/30;2BR;33;2;TD;D0230
TD/02/31;2BR;33;2;TD;D0231
TD/02/32;2BR;33;2;TD;D0232
TD/02/33;2BR;33;2;TD;D0233
TD/02/34;ST;24;2;TD;D0234
TD/03/01;ST;24;3;TD;D0301
TD/03/03;2BR;33;3;TD;D0303
TD/03/05;2BR;33;3;TD;D0305
TD/03/07;ST;18;3;TD;D0307
TD/03/08;ST;18;3;TD;D0308
TD/03/09;ST;18;3;TD;D0309
TD/03/10;ST;18;3;TD;D0310
TD/03/11;ST;18;3;TD;D0311
TD/03/12;ST;18;3;TD;D0312
TD/03/15;ST;24;3;TD;D0315
TD/03/16;2BR;40;3;TD;D0316
TD/03/17;2BR;33;3;TD;D0317
TD/03/18;2BR;33;3;TD;D0318
TD/03/19;2BR;33;3;TD;D0319
TD/03/20;2BR;33;3;TD;D0320
TD/03/21;2BR;33;3;TD;D0321
TD/03/23;ST;24;3;TD;D0323
TD/03/24;2BR;33;3;TD;D0324
TD/03/25;ST;24;3;TD;D0325
TD/03/26;ST;24;3;TD;D0326
TD/03/27;2BR;33;3;TD;D0327
TD/03/28;2BR;33;3;TD;D0328
TD/03/29;2BR;33;3;TD;D0329
TD/03/30;2BR;33;3;TD;D0330
TD/03/31;2BR;33;3;TD;D0331
TD/03/32;2BR;33;3;TD;D0332
TD/03/33;2BR;33;3;TD;D0333
TD/03/34;ST;24;3;TD;D0334
TD/05/01;ST;24;5;TD;D0501
TD/05/02;2BR;33;5;TD;D0502
TD/05/03;2BR;33;5;TD;D0503
TD/05/05;2BR;33;5;TD;D0505
TD/05/06;2BR;33;5;TD;D0506
TD/05/07;ST;18;5;TD;D0507
TD/05/08;ST;18;5;TD;D0508
TD/05/09;ST;18;5;TD;D0509
TD/05/10;ST;18;5;TD;D0510
TD/05/11;ST;18;5;TD;D0511
TD/05/12;ST;18;5;TD;D0512
TD/05/15;ST;24;5;TD;D0515
TD/05/16;2BR;40;5;TD;D0516
TD/05/17;2BR;33;5;TD;D0517
TD/05/18;2BR;33;5;TD;D0518
TD/05/19;2BR;33;5;TD;D0519
TD/05/20;2BR;33;5;TD;D0520
TD/05/21;2BR;33;5;TD;D0521
TD/05/23;ST;24;5;TD;D0523
TD/05/24;2BR;33;5;TD;D0524
TD/05/25;ST;24;5;TD;D0525
TD/05/26;ST;24;5;TD;D0526
TD/05/27;2BR;33;5;TD;D0527
TD/05/28;2BR;33;5;TD;D0528
TD/05/29;2BR;33;5;TD;D0529
TD/05/30;2BR;33;5;TD;D0530
TD/05/31;2BR;33;5;TD;D0531
TD/05/32;2BR;33;5;TD;D0532
TD/05/33;2BR;33;5;TD;D0533
TD/05/34;ST;24;5;TD;D0534
TD/06/01;ST;24;6;TD;D0601
TD/06/02;2BR;33;6;TD;D0602
TD/06/03;2BR;33;6;TD;D0603
TD/06/05;2BR;33;6;TD;D0605
TD/06/06;2BR;33;6;TD;D0606
TD/06/07;ST;18;6;TD;D0607
TD/06/08;ST;18;6;TD;D0608
TD/06/09;ST;18;6;TD;D0609
TD/06/10;ST;18;6;TD;D0610
TD/06/11;ST;18;6;TD;D0611
TD/06/12;ST;18;6;TD;D0612
TD/06/15;ST;24;6;TD;D0615
TD/06/16;2BR;40;6;TD;D0616
TD/06/17;2BR;33;6;TD;D0617
TD/06/18;2BR;33;6;TD;D0618
TD/06/19;2BR;33;6;TD;D0619
TD/06/20;2BR;33;6;TD;D0620
TD/06/21;2BR;33;6;TD;D0621
TD/06/22;2BR;40;6;TD;D0622
TD/06/23;ST;24;6;TD;D0623
TD/06/24;2BR;33;6;TD;D0624
TD/06/25;ST;24;6;TD;D0625
TD/06/26;ST;24;6;TD;D0626
TD/06/27;2BR;33;6;TD;D0627
TD/06/28;2BR;33;6;TD;D0628
TD/06/29;2BR;33;6;TD;D0629
TD/06/30;2BR;33;6;TD;D0630
TD/06/31;2BR;33;6;TD;D0631
TD/06/32;2BR;33;6;TD;D0632
TD/06/33;2BR;33;6;TD;D0633
TD/06/34;ST;24;6;TD;D0634
TD/07/01;ST;24;7;TD;D0701
TD/07/03;2BR;33;7;TD;D0703
TD/07/05;2BR;33;7;TD;D0705
TD/07/07;ST;18;7;TD;D0707
TD/07/08;ST;18;7;TD;D0708
TD/07/09;ST;18;7;TD;D0709
TD/07/10;ST;18;7;TD;D0710
TD/07/11;ST;18;7;TD;D0711
TD/07/12;ST;18;7;TD;D0712
TD/07/15;ST;24;7;TD;D0715
TD/07/16;2BR;40;7;TD;D0716
TD/07/17;2BR;33;7;TD;D0717
TD/07/18;2BR;33;7;TD;D0718
TD/07/19;2BR;33;7;TD;D0719
TD/07/20;2BR;33;7;TD;D0720
TD/07/21;2BR;33;7;TD;D0721
TD/07/22;2BR;40;7;TD;D0722
TD/07/23;ST;24;7;TD;D0723
TD/07/24;2BR;33;7;TD;D0724
TD/07/25;ST;24;7;TD;D0725
TD/07/26;ST;24;7;TD;D0726
TD/07/27;2BR;33;7;TD;D0727
TD/07/28;2BR;33;7;TD;D0728
TD/07/29;2BR;33;7;TD;D0729
TD/07/30;2BR;33;7;TD;D0730
TD/07/31;2BR;33;7;TD;D0731
TD/07/32;2BR;33;7;TD;D0732
TD/07/33;2BR;33;7;TD;D0733
TD/07/34;ST;24;7;TD;D0734
TD/08/01;ST;24;8;TD;D0801
TD/08/02;2BR;33;8;TD;D0802
TD/08/05;2BR;33;8;TD;D0805
TD/08/06;2BR;33;8;TD;D0806
TD/08/07;ST;18;8;TD;D0807
TD/08/08;ST;18;8;TD;D0808
TD/08/09;ST;18;8;TD;D0809
TD/08/10;ST;18;8;TD;D0810
TD/08/11;ST;18;8;TD;D0811
TD/08/12;ST;18;8;TD;D0812
TD/08/15;ST;24;8;TD;D0815
TD/08/16;2BR;40;8;TD;D0816
TD/08/17;2BR;33;8;TD;D0817
TD/08/18;2BR;33;8;TD;D0818
TD/08/19;2BR;33;8;TD;D0819
TD/08/20;2BR;33;8;TD;D0820
TD/08/21;2BR;33;8;TD;D0821
TD/08/22;2BR;40;8;TD;D0822
TD/08/23;ST;24;8;TD;D0823
TD/08/24;2BR;33;8;TD;D0824
TD/08/25;ST;24;8;TD;D0825
TD/08/26;ST;24;8;TD;D0826
TD/08/27;2BR;33;8;TD;D0827
TD/08/28;2BR;33;8;TD;D0828
TD/08/29;2BR;33;8;TD;D0829
TD/08/30;2BR;33;8;TD;D0830
TD/08/31;2BR;33;8;TD;D0831
TD/08/32;2BR;33;8;TD;D0832
TD/08/33;2BR;33;8;TD;D0833
TD/08/34;ST;24;8;TD;D0834
TD/09/01;ST;24;9;TD;D0901
TD/09/02;2BR;33;9;TD;D0902
TD/09/03;2BR;33;9;TD;D0903
TD/09/05;2BR;33;9;TD;D0905
TD/09/06;2BR;33;9;TD;D0906
TD/09/07;ST;18;9;TD;D0907
TD/09/08;ST;18;9;TD;D0908
TD/09/09;ST;18;9;TD;D0909
TD/09/10;ST;18;9;TD;D0910
TD/09/11;ST;18;9;TD;D0911
TD/09/12;ST;18;9;TD;D0912
TD/09/15;ST;24;9;TD;D0915
TD/09/16;2BR;40;9;TD;D0916
TD/09/17;2BR;33;9;TD;D0917
TD/09/18;2BR;33;9;TD;D0918
TD/09/19;2BR;33;9;TD;D0919
TD/09/20;2BR;33;9;TD;D0920
TD/09/21;2BR;33;9;TD;D0921
TD/09/22;2BR;40;9;TD;D0922
TD/09/23;ST;24;9;TD;D0923
TD/09/24;2BR;33;9;TD;D0924
TD/09/25;ST;24;9;TD;D0925
TD/09/26;ST;24;9;TD;D0926
TD/09/27;2BR;33;9;TD;D0927
TD/09/28;2BR;33;9;TD;D0928
TD/09/29;2BR;33;9;TD;D0929
TD/09/30;2BR;33;9;TD;D0930
TD/09/31;2BR;33;9;TD;D0931
TD/09/32;2BR;33;9;TD;D0932
TD/09/33;2BR;33;9;TD;D0933
TD/09/34;ST;24;9;TD;D0934
TD/10/01;ST;24;10;TD;D1001
TD/10/03;2BR;33;10;TD;D1003
TD/10/05;2BR;33;10;TD;D1005
TD/10/07;ST;18;10;TD;D1007
TD/10/08;ST;18;10;TD;D1008
TD/10/09;ST;18;10;TD;D1009
TD/10/10;ST;18;10;TD;D1010
TD/10/11;ST;18;10;TD;D1011
TD/10/12;ST;18;10;TD;D1012
TD/10/15;ST;24;10;TD;D1015
TD/10/17;2BR;33;10;TD;D1017
TD/10/18;2BR;33;10;TD;D1018
TD/10/19;2BR;33;10;TD;D1019
TD/10/20;2BR;33;10;TD;D1020
TD/10/21;2BR;33;10;TD;D1021
TD/10/22;2BR;40;10;TD;D1022
TD/10/23;ST;24;10;TD;D1023
TD/10/24;2BR;33;10;TD;D1024
TD/10/25;ST;24;10;TD;D1025
TD/10/26;ST;24;10;TD;D1026
TD/10/27;2BR;33;10;TD;D1027
TD/10/28;2BR;33;10;TD;D1028
TD/10/29;2BR;33;10;TD;D1029
TD/10/30;2BR;33;10;TD;D1030
TD/10/31;2BR;33;10;TD;D1031
TD/10/32;2BR;33;10;TD;D1032
TD/10/33;2BR;33;10;TD;D1033
TD/10/34;ST;24;10;TD;D1034
TD/11/01;ST;24;11;TD;D1101
TD/11/02;2BR;33;11;TD;D1102
TD/11/03;2BR;33;11;TD;D1103
TD/11/05;2BR;33;11;TD;D1105
TD/11/06;2BR;33;11;TD;D1106
TD/11/07;ST;18;11;TD;D1107
TD/11/08;ST;18;11;TD;D1108
TD/11/09;ST;18;11;TD;D1109
TD/11/10;ST;18;11;TD;D1110
TD/11/11;ST;18;11;TD;D1111
TD/11/12;ST;18;11;TD;D1112
TD/11/15;ST;24;11;TD;D1115
TD/11/17;2BR;33;11;TD;D1117
TD/11/18;2BR;33;11;TD;D1118
TD/11/19;2BR;33;11;TD;D1119
TD/11/20;2BR;33;11;TD;D1120
TD/11/21;2BR;33;11;TD;D1121
TD/11/22;2BR;40;11;TD;D1122
TD/11/23;ST;24;11;TD;D1123
TD/11/24;2BR;33;11;TD;D1124
TD/11/25;ST;24;11;TD;D1125
TD/11/26;ST;24;11;TD;D1126
TD/11/27;2BR;33;11;TD;D1127
TD/11/28;2BR;33;11;TD;D1128
TD/11/29;2BR;33;11;TD;D1129
TD/11/30;2BR;33;11;TD;D1130
TD/11/31;2BR;33;11;TD;D1131
TD/11/32;2BR;33;11;TD;D1132
TD/11/33;2BR;33;11;TD;D1133
TD/11/34;ST;24;11;TD;D1134
TD/12/01;ST;24;12;TD;D1201
TD/12/02;2BR;33;12;TD;D1202
TD/12/03;2BR;33;12;TD;D1203
TD/12/05;2BR;33;12;TD;D1205
TD/12/06;2BR;33;12;TD;D1206
TD/12/07;ST;18;12;TD;D1207
TD/12/08;ST;18;12;TD;D1208
TD/12/09;ST;18;12;TD;D1209
TD/12/10;ST;18;12;TD;D1210
TD/12/11;ST;18;12;TD;D1211
TD/12/12;ST;18;12;TD;D1212
TD/12/15;ST;24;12;TD;D1215
TD/12/17;2BR;33;12;TD;D1217
TD/12/18;2BR;33;12;TD;D1218
TD/12/19;2BR;33;12;TD;D1219
TD/12/20;2BR;33;12;TD;D1220
TD/12/21;2BR;33;12;TD;D1221
TD/12/22;2BR;40;12;TD;D1222
TD/12/23;ST;24;12;TD;D1223
TD/12/24;2BR;33;12;TD;D1224
TD/12/25;ST;24;12;TD;D1225
TD/12/26;ST;24;12;TD;D1226
TD/12/27;2BR;33;12;TD;D1227
TD/12/28;2BR;33;12;TD;D1228
TD/12/29;2BR;33;12;TD;D1229
TD/12/30;2BR;33;12;TD;D1230
TD/12/31;2BR;33;12;TD;D1231
TD/12/32;2BR;33;12;TD;D1232
TD/12/33;2BR;33;12;TD;D1233
TD/12/34;ST;24;12;TD;D1234
TD/15/01;ST;24;15;TD;D1501
TD/15/03;2BR;33;15;TD;D1503
TD/15/05;2BR;33;15;TD;D1505
TD/15/07;ST;18;15;TD;D1507
TD/15/08;ST;18;15;TD;D1508
TD/15/09;ST;18;15;TD;D1509
TD/15/10;ST;18;15;TD;D1510
TD/15/11;ST;18;15;TD;D1511
TD/15/12;ST;18;15;TD;D1512
TD/15/15;ST;24;15;TD;D1515
TD/15/16;2BR;40;15;TD;D1516
TD/15/17;2BR;33;15;TD;D1517
TD/15/18;2BR;33;15;TD;D1518
TD/15/19;2BR;33;15;TD;D1519
TD/15/20;2BR;33;15;TD;D1520
TD/15/21;2BR;33;15;TD;D1521
TD/15/22;2BR;40;15;TD;D1522
TD/15/23;ST;24;15;TD;D1523
TD/15/24;2BR;33;15;TD;D1524
TD/15/25;ST;24;15;TD;D1525
TD/15/26;ST;24;15;TD;D1526
TD/15/27;2BR;33;15;TD;D1527
TD/15/28;2BR;33;15;TD;D1528
TD/15/29;2BR;33;15;TD;D1529
TD/15/30;2BR;33;15;TD;D1530
TD/15/31;2BR;33;15;TD;D1531
TD/15/32;2BR;33;15;TD;D1532
TD/15/33;2BR;33;15;TD;D1533
TD/15/34;ST;24;15;TD;D1534
TD/16/01;ST;24;16;TD;D1601
TD/16/02;2BR;33;16;TD;D1602
TD/16/03;2BR;33;16;TD;D1603
TD/16/05;2BR;33;16;TD;D1605
TD/16/06;2BR;33;16;TD;D1606
TD/16/07;ST;18;16;TD;D1607
TD/16/08;ST;18;16;TD;D1608
TD/16/09;ST;18;16;TD;D1609
TD/16/10;ST;18;16;TD;D1610
TD/16/11;ST;18;16;TD;D1611
TD/16/12;ST;18;16;TD;D1612
TD/16/15;ST;24;16;TD;D1615
TD/16/17;2BR;33;16;TD;D1617
TD/16/18;2BR;33;16;TD;D1618
TD/16/19;2BR;33;16;TD;D1619
TD/16/20;2BR;33;16;TD;D1620
TD/16/21;2BR;33;16;TD;D1621
TD/16/22;2BR;40;16;TD;D1622
TD/16/23;ST;24;16;TD;D1623
TD/16/24;2BR;33;16;TD;D1624
TD/16/25;ST;24;16;TD;D1625
TD/16/26;ST;24;16;TD;D1626
TD/16/27;2BR;33;16;TD;D1627
TD/16/28;2BR;33;16;TD;D1628
TD/16/29;2BR;33;16;TD;D1629
TD/16/30;2BR;33;16;TD;D1630
TD/16/31;2BR;33;16;TD;D1631
TD/16/32;2BR;33;16;TD;D1632
TD/16/33;2BR;33;16;TD;D1633
TD/16/34;ST;24;16;TD;D1634
TD/17/01;ST;24;17;TD;D1701
TD/17/02;2BR;33;17;TD;D1702
TD/17/03;2BR;33;17;TD;D1703
TD/17/05;2BR;33;17;TD;D1705
TD/17/06;2BR;33;17;TD;D1706
TD/17/07;ST;18;17;TD;D1707
TD/17/08;ST;18;17;TD;D1708
TD/17/09;ST;18;17;TD;D1709
TD/17/10;ST;18;17;TD;D1710
TD/17/11;ST;18;17;TD;D1711
TD/17/12;ST;18;17;TD;D1712
TD/17/15;ST;24;17;TD;D1715
TD/17/16;2BR;40;17;TD;D1716
TD/17/17;2BR;33;17;TD;D1717
TD/17/18;2BR;33;17;TD;D1718
TD/17/19;2BR;33;17;TD;D1719
TD/17/20;2BR;33;17;TD;D1720
TD/17/21;2BR;33;17;TD;D1721
TD/17/22;2BR;40;17;TD;D1722
TD/17/23;ST;24;17;TD;D1723
TD/17/24;2BR;33;17;TD;D1724
TD/17/25;ST;24;17;TD;D1725
TD/17/26;ST;24;17;TD;D1726
TD/17/27;2BR;33;17;TD;D1727
TD/17/28;2BR;33;17;TD;D1728
TD/17/29;2BR;33;17;TD;D1729
TD/17/30;2BR;33;17;TD;D1730
TD/17/31;2BR;33;17;TD;D1731
TD/17/32;2BR;33;17;TD;D1732
TD/17/33;2BR;33;17;TD;D1733
TD/17/34;ST;24;17;TD;D1734
TD/18/01;ST;24;18;TD;D1801
TD/18/03;2BR;33;18;TD;D1803
TD/18/05;2BR;33;18;TD;D1805
TD/18/07;ST;18;18;TD;D1807
TD/18/08;ST;18;18;TD;D1808
TD/18/09;ST;18;18;TD;D1809
TD/18/10;ST;18;18;TD;D1810
TD/18/11;ST;18;18;TD;D1811
TD/18/12;ST;18;18;TD;D1812
TD/18/15;ST;24;18;TD;D1815
TD/18/16;2BR;40;18;TD;D1816
TD/18/17;2BR;33;18;TD;D1817
TD/18/18;2BR;33;18;TD;D1818
TD/18/19;2BR;33;18;TD;D1819
TD/18/20;2BR;33;18;TD;D1820
TD/18/21;2BR;33;18;TD;D1821
TD/18/22;2BR;40;18;TD;D1822
TD/18/23;ST;24;18;TD;D1823
TD/18/24;2BR;33;18;TD;D1824
TD/18/25;ST;24;18;TD;D1825
TD/18/26;ST;24;18;TD;D1826
TD/18/27;2BR;33;18;TD;D1827
TD/18/28;2BR;33;18;TD;D1828
TD/18/29;2BR;33;18;TD;D1829
TD/18/30;2BR;33;18;TD;D1830
TD/18/31;2BR;33;18;TD;D1831
TD/18/32;2BR;33;18;TD;D1832
TD/18/33;2BR;33;18;TD;D1833
TD/18/34;ST;24;18;TD;D1834
TD/19/01;ST;24;19;TD;D1901
TD/19/02;2BR;33;19;TD;D1902
TD/19/03;2BR;33;19;TD;D1903
TD/19/05;2BR;33;19;TD;D1905
TD/19/06;2BR;33;19;TD;D1906
TD/19/07;ST;18;19;TD;D1907
TD/19/08;ST;18;19;TD;D1908
TD/19/09;ST;18;19;TD;D1909
TD/19/10;ST;18;19;TD;D1910
TD/19/11;ST;18;19;TD;D1911
TD/19/12;ST;18;19;TD;D1912
TD/19/15;ST;24;19;TD;D1915
TD/19/17;2BR;33;19;TD;D1917
TD/19/18;2BR;33;19;TD;D1918
TD/19/19;2BR;33;19;TD;D1919
TD/19/20;2BR;33;19;TD;D1920
TD/19/21;2BR;33;19;TD;D1921
TD/19/22;2BR;40;19;TD;D1922
TD/19/23;ST;24;19;TD;D1923
TD/19/24;2BR;33;19;TD;D1924
TD/19/25;ST;24;19;TD;D1925
TD/19/26;ST;24;19;TD;D1926
TD/19/27;2BR;33;19;TD;D1927
TD/19/28;2BR;33;19;TD;D1928
TD/19/29;2BR;33;19;TD;D1929
TD/19/30;2BR;33;19;TD;D1930
TD/19/31;2BR;33;19;TD;D1931
TD/19/32;2BR;33;19;TD;D1932
TD/19/33;2BR;33;19;TD;D1933
TD/19/34;ST;24;19;TD;D1934
TD/20/01;ST;24;20;TD;D2001
TD/20/02;2BR;33;20;TD;D2002
TD/20/03;2BR;33;20;TD;D2003
TD/20/05;2BR;33;20;TD;D2005
TD/20/06;2BR;33;20;TD;D2006
TD/20/07;ST;18;20;TD;D2007
TD/20/08;ST;18;20;TD;D2008
TD/20/09;ST;18;20;TD;D2009
TD/20/10;ST;18;20;TD;D2010
TD/20/11;ST;18;20;TD;D2011
TD/20/12;ST;18;20;TD;D2012
TD/20/15;ST;24;20;TD;D2015
TD/20/16;2BR;40;20;TD;D2016
TD/20/17;2BR;33;20;TD;D2017
TD/20/18;2BR;33;20;TD;D2018
TD/20/19;2BR;33;20;TD;D2019
TD/20/20;2BR;33;20;TD;D2020
TD/20/21;2BR;33;20;TD;D2021
TD/20/22;2BR;40;20;TD;D2022
TD/20/23;ST;24;20;TD;D2023
TD/20/24;2BR;33;20;TD;D2024
TD/20/25;ST;24;20;TD;D2025
TD/20/26;ST;24;20;TD;D2026
TD/20/27;2BR;33;20;TD;D2027
TD/20/28;2BR;33;20;TD;D2028
TD/20/29;2BR;33;20;TD;D2029
TD/20/30;2BR;33;20;TD;D2030
TD/20/31;2BR;33;20;TD;D2031
TD/20/32;2BR;33;20;TD;D2032
TD/20/33;2BR;33;20;TD;D2033
TD/20/34;ST;24;20;TD;D2034
TD/21/01;ST;24;21;TD;D2101
TD/21/02;FS;66;21;TD;D2102
TD/21/03;FS;66;21;TD;D2103
TD/21/05;2BR;33;21;TD;D2105
TD/21/07;2BR;33;21;TD;D2107
TD/21/08;2BR;33;21;TD;D2108
TD/21/09;2BR;33;21;TD;D2109
TD/21/10;ST;24;21;TD;D2110
TD/21/11;2BR;40;21;TD;D2111
TD/21/12;2BR;33;21;TD;D2112
TD/21/15;2BR;33;21;TD;D2115
TD/21/16;2BR;33;21;TD;D2116
TD/21/17;2BR;33;21;TD;D2117
TD/21/18;2BR;33;21;TD;D2118
TD/21/19;2BR;40;21;TD;D2119
TD/21/20;ST;24;21;TD;D2120
TD/21/21;2BR;33;21;TD;D2121
TD/21/22;ST;24;21;TD;D2122
TD/21/23;ST;24;21;TD;D2123
TD/21/24;FS;66;21;TD;D2124
TD/21/25;FS;66;21;TD;D2125
TD/21/26;2BR;33;21;TD;D2126
TD/21/27;2BR;33;21;TD;D2127
TD/21/28;2BR;33;21;TD;D2128
TD/21/29;2BR;33;21;TD;D2129
TD/21/30;2BR;33;21;TD;D2130
TD/21/31;ST;24;21;TD;D2131
TD/22/01;ST;24;22;TD;D2201
TD/22/03;FS;66;22;TD;D2203
TD/22/05;2BR;33;22;TD;D2205
TD/22/06;2BR;33;22;TD;D2206
TD/22/07;2BR;33;22;TD;D2207
TD/22/08;2BR;33;22;TD;D2208
TD/22/09;2BR;33;22;TD;D2209
TD/22/10;ST;24;22;TD;D2210
TD/22/11;2BR;40;22;TD;D2211
TD/22/12;2BR;33;22;TD;D2212
TD/22/15;2BR;33;22;TD;D2215
TD/22/16;2BR;33;22;TD;D2216
TD/22/17;2BR;33;22;TD;D2217
TD/22/18;2BR;33;22;TD;D2218
TD/22/19;2BR;40;22;TD;D2219
TD/22/20;ST;24;22;TD;D2220
TD/22/21;2BR;33;22;TD;D2221
TD/22/22;ST;24;22;TD;D2222
TD/22/23;ST;24;22;TD;D2223
TD/22/25;FS;66;22;TD;D2225
TD/22/26;2BR;33;22;TD;D2226
TD/22/27;2BR;33;22;TD;D2227
TD/22/28;2BR;33;22;TD;D2228
TD/22/29;2BR;33;22;TD;D2229
TD/22/30;2BR;33;22;TD;D2230
TD/22/31;ST;24;22;TD;D2231
TD/23/01;ST;24;23;TD;D2301
TD/23/02;2BR;33;23;TD;D2302
TD/23/03;2BR;33;23;TD;D2303
TD/23/05;2BR;33;23;TD;D2305
TD/23/07;2BR;33;23;TD;D2307
TD/23/08;2BR;33;23;TD;D2308
TD/23/09;2BR;33;23;TD;D2309
TD/23/10;ST;24;23;TD;D2310
TD/23/11;2BR;40;23;TD;D2311
TD/23/12;2BR;33;23;TD;D2312
TD/23/15;2BR;33;23;TD;D2315
TD/23/16;2BR;33;23;TD;D2316
TD/23/17;2BR;33;23;TD;D2317
TD/23/18;2BR;33;23;TD;D2318
TD/23/19;2BR;40;23;TD;D2319
TD/23/20;ST;24;23;TD;D2320
TD/23/21;2BR;33;23;TD;D2321
TD/23/22;ST;24;23;TD;D2322
TD/23/23;ST;24;23;TD;D2323
TD/23/24;2BR;33;23;TD;D2324
TD/23/25;2BR;33;23;TD;D2325
TD/23/26;2BR;33;23;TD;D2326
TD/23/27;2BR;33;23;TD;D2327
TD/23/28;2BR;33;23;TD;D2328
TD/23/29;2BR;33;23;TD;D2329
TD/23/30;ST;33;23;TD;D2330
TD/23/31;ST;24;23;TD;D2331
TH C/01;TH;228;0;TC;THC01
TH C/03;TH;150;0;TC;THC03
TH C/04;TH;150;0;TC;THC04
TH D/06;TH;150;0;TD;THD06
TH D/07;TH;228;0;TD;THD07
TH C/05;TH;150;0;TC;THC05
TH C/07;TH;228;0;TC;THC07
TH D/03;TH;150;0;TD;THD03
TH D/05;TH;150;0;TD;THD05
